[I 2025-07-26 15:26:40.299 ServerApp] jupyter_lsp | extension was successfully linked.
[I 2025-07-26 15:26:40.303 ServerApp] jupyter_server_terminals | extension was successfully linked.
[I 2025-07-26 15:26:40.307 ServerApp] jupyterlab | extension was successfully linked.
[I 2025-07-26 15:26:40.635 ServerApp] notebook_shim | extension was successfully linked.
[I 2025-07-26 15:26:40.650 ServerApp] notebook_shim | extension was successfully loaded.
[I 2025-07-26 15:26:40.653 ServerApp] jupyter_lsp | extension was successfully loaded.
[I 2025-07-26 15:26:40.654 ServerApp] jupyter_server_terminals | extension was successfully loaded.
[I 2025-07-26 15:26:40.656 LabApp] JupyterLab extension loaded from /root/jlpt_venv/lib/python3.12/site-packages/jupyterlab
[I 2025-07-26 15:26:40.656 LabApp] JupyterLab application directory is /root/jlpt_venv/share/jupyter/lab
[I 2025-07-26 15:26:40.656 LabApp] Extension Manager is 'pypi'.
[I 2025-07-26 15:26:40.710 ServerApp] jupyterlab | extension was successfully loaded.
[I 2025-07-26 15:26:40.711 ServerApp] Serving notebooks from local directory: /root/jlpt_simulator
[I 2025-07-26 15:26:40.711 ServerApp] Jupyter Server 2.16.0 is running at:
[I 2025-07-26 15:26:40.711 ServerApp] http://notebook:18080/lab?token=be6d5a7d8c7017d6918c2117efec4e7d69b49060908ed21e
[I 2025-07-26 15:26:40.711 ServerApp]     http://127.0.0.1:18080/lab?token=be6d5a7d8c7017d6918c2117efec4e7d69b49060908ed21e
[I 2025-07-26 15:26:40.711 ServerApp] Use Control-C to stop this server and shut down all kernels (twice to skip confirmation).
[C 2025-07-26 15:26:40.714 ServerApp] 
    
    To access the server, open this file in a browser:
        file:///root/.local/share/jupyter/runtime/jpserver-5743-open.html
    Or copy and paste one of these URLs:
        http://notebook:18080/lab?token=be6d5a7d8c7017d6918c2117efec4e7d69b49060908ed21e
        http://127.0.0.1:18080/lab?token=be6d5a7d8c7017d6918c2117efec4e7d69b49060908ed21e
[I 2025-07-26 15:26:40.730 ServerApp] Skipped non-installed server(s): bash-language-server, dockerfile-language-server-nodejs, javascript-typescript-langserver, jedi-language-server, julia-language-server, pyright, python-language-server, python-lsp-server, r-languageserver, sql-language-server, texlab, typescript-language-server, unified-language-server, vscode-css-languageserver-bin, vscode-html-languageserver-bin, vscode-json-languageserver-bin, yaml-language-server
[W 2025-07-26 15:26:47.730 ServerApp] 404 GET /api/kernels/5730400f-03b8-4f48-b21a-33eb7bc04d5c?1753543606938 (38.98.190.155): Kernel does not exist: 5730400f-03b8-4f48-b21a-33eb7bc04d5c
[W 2025-07-26 15:26:47.730 ServerApp] wrote error: 'Kernel does not exist: 5730400f-03b8-4f48-b21a-33eb7bc04d5c'
    Traceback (most recent call last):
      File "/root/jlpt_venv/lib/python3.12/site-packages/tornado/web.py", line 1848, in _execute
        result = await result
                 ^^^^^^^^^^^^
      File "/root/jlpt_venv/lib/python3.12/site-packages/jupyter_server/auth/decorator.py", line 73, in inner
        return await out
               ^^^^^^^^^
      File "/root/jlpt_venv/lib/python3.12/site-packages/jupyter_server/services/kernels/handlers.py", line 75, in get
        model = await ensure_async(km.kernel_model(kernel_id))
                                   ^^^^^^^^^^^^^^^^^^^^^^^^^^
      File "/root/jlpt_venv/lib/python3.12/site-packages/jupyter_server/services/kernels/kernelmanager.py", line 508, in kernel_model
        self._check_kernel_id(kernel_id)
      File "/root/jlpt_venv/lib/python3.12/site-packages/jupyter_server/services/kernels/kernelmanager.py", line 539, in _check_kernel_id
        raise web.HTTPError(404, "Kernel does not exist: %s" % kernel_id)
    tornado.web.HTTPError: HTTP 404: Not Found (Kernel does not exist: 5730400f-03b8-4f48-b21a-33eb7bc04d5c)
[W 2025-07-26 15:26:47.733 ServerApp] 404 GET /api/kernels/5730400f-03b8-4f48-b21a-33eb7bc04d5c?1753543606938 (74a00829d6d04db18b838567e82fb366@38.98.190.155) 3.84ms referer=http://172.190.115.70:18080/lab/tree/debug_n3.ipynb
[W 2025-07-26 15:26:49.731 ServerApp] 404 GET /api/kernels/5730400f-03b8-4f48-b21a-33eb7bc04d5c/channels?session_id=2ec54527-fbf9-43be-99f7-5905bc56cac8 (38.98.190.156): Kernel does not exist: 5730400f-03b8-4f48-b21a-33eb7bc04d5c
[W 2025-07-26 15:26:49.745 ServerApp] 404 GET /api/kernels/5730400f-03b8-4f48-b21a-33eb7bc04d5c/channels?session_id=2ec54527-fbf9-43be-99f7-5905bc56cac8 (74a00829d6d04db18b838567e82fb366@38.98.190.156) 14.81ms referer=None
[W 2025-07-26 15:26:50.021 ServerApp] 404 GET /api/kernels/5730400f-03b8-4f48-b21a-33eb7bc04d5c?1753543609789 (38.98.190.155): Kernel does not exist: 5730400f-03b8-4f48-b21a-33eb7bc04d5c
[W 2025-07-26 15:26:50.021 ServerApp] wrote error: 'Kernel does not exist: 5730400f-03b8-4f48-b21a-33eb7bc04d5c'
    Traceback (most recent call last):
      File "/root/jlpt_venv/lib/python3.12/site-packages/tornado/web.py", line 1848, in _execute
        result = await result
                 ^^^^^^^^^^^^
      File "/root/jlpt_venv/lib/python3.12/site-packages/jupyter_server/auth/decorator.py", line 73, in inner
        return await out
               ^^^^^^^^^
      File "/root/jlpt_venv/lib/python3.12/site-packages/jupyter_server/services/kernels/handlers.py", line 75, in get
        model = await ensure_async(km.kernel_model(kernel_id))
                                   ^^^^^^^^^^^^^^^^^^^^^^^^^^
      File "/root/jlpt_venv/lib/python3.12/site-packages/jupyter_server/services/kernels/kernelmanager.py", line 508, in kernel_model
        self._check_kernel_id(kernel_id)
      File "/root/jlpt_venv/lib/python3.12/site-packages/jupyter_server/services/kernels/kernelmanager.py", line 539, in _check_kernel_id
        raise web.HTTPError(404, "Kernel does not exist: %s" % kernel_id)
    tornado.web.HTTPError: HTTP 404: Not Found (Kernel does not exist: 5730400f-03b8-4f48-b21a-33eb7bc04d5c)
[W 2025-07-26 15:26:50.022 ServerApp] 404 GET /api/kernels/5730400f-03b8-4f48-b21a-33eb7bc04d5c?1753543609789 (74a00829d6d04db18b838567e82fb366@38.98.190.155) 1.55ms referer=http://172.190.115.70:18080/lab/tree/debug_n3.ipynb
[W 2025-07-26 15:26:53.755 ServerApp] 404 GET /api/kernels/5730400f-03b8-4f48-b21a-33eb7bc04d5c/channels?session_id=2ec54527-fbf9-43be-99f7-5905bc56cac8 (38.98.190.102): Kernel does not exist: 5730400f-03b8-4f48-b21a-33eb7bc04d5c
[W 2025-07-26 15:26:53.756 ServerApp] 404 GET /api/kernels/5730400f-03b8-4f48-b21a-33eb7bc04d5c/channels?session_id=2ec54527-fbf9-43be-99f7-5905bc56cac8 (74a00829d6d04db18b838567e82fb366@38.98.190.102) 1.39ms referer=None
[W 2025-07-26 15:26:54.033 ServerApp] 404 GET /api/kernels/5730400f-03b8-4f48-b21a-33eb7bc04d5c?1753543613799 (38.98.190.155): Kernel does not exist: 5730400f-03b8-4f48-b21a-33eb7bc04d5c
[W 2025-07-26 15:26:54.033 ServerApp] wrote error: 'Kernel does not exist: 5730400f-03b8-4f48-b21a-33eb7bc04d5c'
    Traceback (most recent call last):
      File "/root/jlpt_venv/lib/python3.12/site-packages/tornado/web.py", line 1848, in _execute
        result = await result
                 ^^^^^^^^^^^^
      File "/root/jlpt_venv/lib/python3.12/site-packages/jupyter_server/auth/decorator.py", line 73, in inner
        return await out
               ^^^^^^^^^
      File "/root/jlpt_venv/lib/python3.12/site-packages/jupyter_server/services/kernels/handlers.py", line 75, in get
        model = await ensure_async(km.kernel_model(kernel_id))
                                   ^^^^^^^^^^^^^^^^^^^^^^^^^^
      File "/root/jlpt_venv/lib/python3.12/site-packages/jupyter_server/services/kernels/kernelmanager.py", line 508, in kernel_model
        self._check_kernel_id(kernel_id)
      File "/root/jlpt_venv/lib/python3.12/site-packages/jupyter_server/services/kernels/kernelmanager.py", line 539, in _check_kernel_id
        raise web.HTTPError(404, "Kernel does not exist: %s" % kernel_id)
    tornado.web.HTTPError: HTTP 404: Not Found (Kernel does not exist: 5730400f-03b8-4f48-b21a-33eb7bc04d5c)
[W 2025-07-26 15:26:54.034 ServerApp] 404 GET /api/kernels/5730400f-03b8-4f48-b21a-33eb7bc04d5c?1753543613799 (74a00829d6d04db18b838567e82fb366@38.98.190.155) 1.44ms referer=http://172.190.115.70:18080/lab/tree/debug_n3.ipynb
[W 2025-07-26 15:26:55.752 ServerApp] 404 GET /api/kernels/5730400f-03b8-4f48-b21a-33eb7bc04d5c/channels?session_id=2ec54527-fbf9-43be-99f7-5905bc56cac8 (38.98.190.134): Kernel does not exist: 5730400f-03b8-4f48-b21a-33eb7bc04d5c
[W 2025-07-26 15:26:55.753 ServerApp] 404 GET /api/kernels/5730400f-03b8-4f48-b21a-33eb7bc04d5c/channels?session_id=2ec54527-fbf9-43be-99f7-5905bc56cac8 (74a00829d6d04db18b838567e82fb366@38.98.190.134) 1.29ms referer=None
[W 2025-07-26 15:26:56.027 ServerApp] 404 GET /api/kernels/5730400f-03b8-4f48-b21a-33eb7bc04d5c?1753543615793 (38.98.190.155): Kernel does not exist: 5730400f-03b8-4f48-b21a-33eb7bc04d5c
[W 2025-07-26 15:26:56.027 ServerApp] wrote error: 'Kernel does not exist: 5730400f-03b8-4f48-b21a-33eb7bc04d5c'
    Traceback (most recent call last):
      File "/root/jlpt_venv/lib/python3.12/site-packages/tornado/web.py", line 1848, in _execute
        result = await result
                 ^^^^^^^^^^^^
      File "/root/jlpt_venv/lib/python3.12/site-packages/jupyter_server/auth/decorator.py", line 73, in inner
        return await out
               ^^^^^^^^^
      File "/root/jlpt_venv/lib/python3.12/site-packages/jupyter_server/services/kernels/handlers.py", line 75, in get
        model = await ensure_async(km.kernel_model(kernel_id))
                                   ^^^^^^^^^^^^^^^^^^^^^^^^^^
      File "/root/jlpt_venv/lib/python3.12/site-packages/jupyter_server/services/kernels/kernelmanager.py", line 508, in kernel_model
        self._check_kernel_id(kernel_id)
      File "/root/jlpt_venv/lib/python3.12/site-packages/jupyter_server/services/kernels/kernelmanager.py", line 539, in _check_kernel_id
        raise web.HTTPError(404, "Kernel does not exist: %s" % kernel_id)
    tornado.web.HTTPError: HTTP 404: Not Found (Kernel does not exist: 5730400f-03b8-4f48-b21a-33eb7bc04d5c)
[W 2025-07-26 15:26:56.028 ServerApp] 404 GET /api/kernels/5730400f-03b8-4f48-b21a-33eb7bc04d5c?1753543615793 (74a00829d6d04db18b838567e82fb366@38.98.190.155) 1.55ms referer=http://172.190.115.70:18080/lab/tree/debug_n3.ipynb
[W 2025-07-26 15:26:58.718 ServerApp] 404 GET /api/kernels/5730400f-03b8-4f48-b21a-33eb7bc04d5c/channels?session_id=2ec54527-fbf9-43be-99f7-5905bc56cac8 (38.98.190.99): Kernel does not exist: 5730400f-03b8-4f48-b21a-33eb7bc04d5c
[W 2025-07-26 15:26:58.719 ServerApp] 404 GET /api/kernels/5730400f-03b8-4f48-b21a-33eb7bc04d5c/channels?session_id=2ec54527-fbf9-43be-99f7-5905bc56cac8 (74a00829d6d04db18b838567e82fb366@38.98.190.99) 1.30ms referer=None
[W 2025-07-26 15:26:58.993 ServerApp] 404 GET /api/kernels/5730400f-03b8-4f48-b21a-33eb7bc04d5c?1753543618761 (38.98.190.155): Kernel does not exist: 5730400f-03b8-4f48-b21a-33eb7bc04d5c
[W 2025-07-26 15:26:58.993 ServerApp] wrote error: 'Kernel does not exist: 5730400f-03b8-4f48-b21a-33eb7bc04d5c'
    Traceback (most recent call last):
      File "/root/jlpt_venv/lib/python3.12/site-packages/tornado/web.py", line 1848, in _execute
        result = await result
                 ^^^^^^^^^^^^
      File "/root/jlpt_venv/lib/python3.12/site-packages/jupyter_server/auth/decorator.py", line 73, in inner
        return await out
               ^^^^^^^^^
      File "/root/jlpt_venv/lib/python3.12/site-packages/jupyter_server/services/kernels/handlers.py", line 75, in get
        model = await ensure_async(km.kernel_model(kernel_id))
                                   ^^^^^^^^^^^^^^^^^^^^^^^^^^
      File "/root/jlpt_venv/lib/python3.12/site-packages/jupyter_server/services/kernels/kernelmanager.py", line 508, in kernel_model
        self._check_kernel_id(kernel_id)
      File "/root/jlpt_venv/lib/python3.12/site-packages/jupyter_server/services/kernels/kernelmanager.py", line 539, in _check_kernel_id
        raise web.HTTPError(404, "Kernel does not exist: %s" % kernel_id)
    tornado.web.HTTPError: HTTP 404: Not Found (Kernel does not exist: 5730400f-03b8-4f48-b21a-33eb7bc04d5c)
[W 2025-07-26 15:26:58.994 ServerApp] 404 GET /api/kernels/5730400f-03b8-4f48-b21a-33eb7bc04d5c?1753543618761 (74a00829d6d04db18b838567e82fb366@38.98.190.155) 1.52ms referer=http://172.190.115.70:18080/lab/tree/debug_n3.ipynb
[W 2025-07-26 15:27:25.746 ServerApp] 404 GET /api/kernels/5730400f-03b8-4f48-b21a-33eb7bc04d5c/channels?session_id=2ec54527-fbf9-43be-99f7-5905bc56cac8 (38.98.190.96): Kernel does not exist: 5730400f-03b8-4f48-b21a-33eb7bc04d5c
[W 2025-07-26 15:27:25.747 ServerApp] 404 GET /api/kernels/5730400f-03b8-4f48-b21a-33eb7bc04d5c/channels?session_id=2ec54527-fbf9-43be-99f7-5905bc56cac8 (74a00829d6d04db18b838567e82fb366@38.98.190.96) 1.31ms referer=None
[W 2025-07-26 15:27:26.022 ServerApp] 404 GET /api/kernels/5730400f-03b8-4f48-b21a-33eb7bc04d5c?1753543645791 (38.98.190.155): Kernel does not exist: 5730400f-03b8-4f48-b21a-33eb7bc04d5c
[W 2025-07-26 15:27:26.023 ServerApp] wrote error: 'Kernel does not exist: 5730400f-03b8-4f48-b21a-33eb7bc04d5c'
    Traceback (most recent call last):
      File "/root/jlpt_venv/lib/python3.12/site-packages/tornado/web.py", line 1848, in _execute
        result = await result
                 ^^^^^^^^^^^^
      File "/root/jlpt_venv/lib/python3.12/site-packages/jupyter_server/auth/decorator.py", line 73, in inner
        return await out
               ^^^^^^^^^
      File "/root/jlpt_venv/lib/python3.12/site-packages/jupyter_server/services/kernels/handlers.py", line 75, in get
        model = await ensure_async(km.kernel_model(kernel_id))
                                   ^^^^^^^^^^^^^^^^^^^^^^^^^^
      File "/root/jlpt_venv/lib/python3.12/site-packages/jupyter_server/services/kernels/kernelmanager.py", line 508, in kernel_model
        self._check_kernel_id(kernel_id)
      File "/root/jlpt_venv/lib/python3.12/site-packages/jupyter_server/services/kernels/kernelmanager.py", line 539, in _check_kernel_id
        raise web.HTTPError(404, "Kernel does not exist: %s" % kernel_id)
    tornado.web.HTTPError: HTTP 404: Not Found (Kernel does not exist: 5730400f-03b8-4f48-b21a-33eb7bc04d5c)
[W 2025-07-26 15:27:26.023 ServerApp] 404 GET /api/kernels/5730400f-03b8-4f48-b21a-33eb7bc04d5c?1753543645791 (74a00829d6d04db18b838567e82fb366@38.98.190.155) 1.49ms referer=http://172.190.115.70:18080/lab/tree/debug_n3.ipynb
[I 2025-07-26 15:27:37.637 ServerApp] Saving file at /debug_n3.ipynb
[W 2025-07-26 15:27:37.638 ServerApp] Notebook debug_n3.ipynb is not trusted
[W 2025-07-26 15:28:20.731 ServerApp] 404 GET /api/kernels/5730400f-03b8-4f48-b21a-33eb7bc04d5c/channels?session_id=2ec54527-fbf9-43be-99f7-5905bc56cac8 (38.98.190.178): Kernel does not exist: 5730400f-03b8-4f48-b21a-33eb7bc04d5c
[W 2025-07-26 15:28:20.731 ServerApp] 404 GET /api/kernels/5730400f-03b8-4f48-b21a-33eb7bc04d5c/channels?session_id=2ec54527-fbf9-43be-99f7-5905bc56cac8 (74a00829d6d04db18b838567e82fb366@38.98.190.178) 1.33ms referer=None
[W 2025-07-26 15:28:21.524 ServerApp] 404 GET /api/kernels/5730400f-03b8-4f48-b21a-33eb7bc04d5c?1753543700768 (38.98.190.161): Kernel does not exist: 5730400f-03b8-4f48-b21a-33eb7bc04d5c
[W 2025-07-26 15:28:21.525 ServerApp] wrote error: 'Kernel does not exist: 5730400f-03b8-4f48-b21a-33eb7bc04d5c'
    Traceback (most recent call last):
      File "/root/jlpt_venv/lib/python3.12/site-packages/tornado/web.py", line 1848, in _execute
        result = await result
                 ^^^^^^^^^^^^
      File "/root/jlpt_venv/lib/python3.12/site-packages/jupyter_server/auth/decorator.py", line 73, in inner
        return await out
               ^^^^^^^^^
      File "/root/jlpt_venv/lib/python3.12/site-packages/jupyter_server/services/kernels/handlers.py", line 75, in get
        model = await ensure_async(km.kernel_model(kernel_id))
                                   ^^^^^^^^^^^^^^^^^^^^^^^^^^
      File "/root/jlpt_venv/lib/python3.12/site-packages/jupyter_server/services/kernels/kernelmanager.py", line 508, in kernel_model
        self._check_kernel_id(kernel_id)
      File "/root/jlpt_venv/lib/python3.12/site-packages/jupyter_server/services/kernels/kernelmanager.py", line 539, in _check_kernel_id
        raise web.HTTPError(404, "Kernel does not exist: %s" % kernel_id)
    tornado.web.HTTPError: HTTP 404: Not Found (Kernel does not exist: 5730400f-03b8-4f48-b21a-33eb7bc04d5c)
[W 2025-07-26 15:28:21.525 ServerApp] 404 GET /api/kernels/5730400f-03b8-4f48-b21a-33eb7bc04d5c?1753543700768 (74a00829d6d04db18b838567e82fb366@38.98.190.161) 1.65ms referer=http://172.190.115.70:18080/lab/tree/debug_n3.ipynb
[E 2025-07-26 15:35:18.375 ServerApp] Exception restarting kernel
    Traceback (most recent call last):
      File "/root/jlpt_venv/lib/python3.12/site-packages/jupyter_server/services/kernels/handlers.py", line 101, in post
        await km.restart_kernel(kernel_id)
      File "/root/jlpt_venv/lib/python3.12/site-packages/jupyter_server/services/kernels/kernelmanager.py", line 446, in _async_restart_kernel
        self._check_kernel_id(kernel_id)
      File "/root/jlpt_venv/lib/python3.12/site-packages/jupyter_server/services/kernels/kernelmanager.py", line 539, in _check_kernel_id
        raise web.HTTPError(404, "Kernel does not exist: %s" % kernel_id)
    tornado.web.HTTPError: HTTP 404: Not Found (Kernel does not exist: 5730400f-03b8-4f48-b21a-33eb7bc04d5c)
[E 2025-07-26 15:35:18.376 ServerApp] {
      "Host": "172.190.115.70:18080",
      "Accept": "*/*",
      "Referer": "http://172.190.115.70:18080/lab/tree/debug_n3.ipynb",
      "User-Agent": "Mozilla/5.0 (Windows NT 10.0; Win64; x64) AppleWebKit/537.36 (KHTML, like Gecko) Chrome/138.0.0.0 Safari/537.36"
    }
[E 2025-07-26 15:35:18.376 ServerApp] 500 POST /api/kernels/5730400f-03b8-4f48-b21a-33eb7bc04d5c/restart?1753544118141 (74a00829d6d04db18b838567e82fb366@38.98.190.176) 1.27ms referer=http://172.190.115.70:18080/lab/tree/debug_n3.ipynb
[I 2025-07-26 15:35:26.205 ServerApp] Kernel started: 8de617ec-e990-4bba-b98f-b4e051b0c5fd
[I 2025-07-26 15:35:27.346 ServerApp] Connecting to kernel 8de617ec-e990-4bba-b98f-b4e051b0c5fd.
[W 2025-07-26 15:35:27.350 ServerApp] The websocket_ping_timeout (90000) cannot be longer than the websocket_ping_interval (30000).
    Setting websocket_ping_timeout=30000
[I 2025-07-26 15:35:29.572 ServerApp] Kernel interrupted: 8de617ec-e990-4bba-b98f-b4e051b0c5fd
[I 2025-07-26 15:35:41.646 ServerApp] Saving file at /debug_n3.ipynb
[W 2025-07-26 15:35:41.647 ServerApp] Notebook debug_n3.ipynb is not trusted
[I 2025-07-26 15:36:08.112 ServerApp] Kernel restarted: 8de617ec-e990-4bba-b98f-b4e051b0c5fd
[I 2025-07-26 15:36:08.401 ServerApp] Starting buffering for 8de617ec-e990-4bba-b98f-b4e051b0c5fd:72d3ee99-7865-4149-8c7e-9275af954b48
[I 2025-07-26 15:36:08.961 ServerApp] Connecting to kernel 8de617ec-e990-4bba-b98f-b4e051b0c5fd.
[I 2025-07-26 15:36:08.962 ServerApp] Restoring connection for 8de617ec-e990-4bba-b98f-b4e051b0c5fd:72d3ee99-7865-4149-8c7e-9275af954b48
[I 2025-07-26 15:37:43.512 ServerApp] Saving file at /debug_n3.ipynb
[W 2025-07-26 15:37:43.513 ServerApp] Notebook debug_n3.ipynb is not trusted
[I 2025-07-26 15:45:23.017 LabApp] 301 GET /lab/ (74a00829d6d04db18b838567e82fb366@38.98.190.146) 0.67ms
[I 2025-07-26 15:45:23.607 ServerApp] Starting buffering for 8de617ec-e990-4bba-b98f-b4e051b0c5fd:72d3ee99-7865-4149-8c7e-9275af954b48
[W 2025-07-26 15:45:25.046 LabApp] Could not determine jupyterlab build status without nodejs
[I 2025-07-26 15:45:25.634 ServerApp] Connecting to kernel 8de617ec-e990-4bba-b98f-b4e051b0c5fd.
[W 2025-07-26 15:45:26.246 ServerApp] Notebook debug_n3.ipynb is not trusted
[I 2025-07-26 15:45:26.262 ServerApp] Starting buffering for 8de617ec-e990-4bba-b98f-b4e051b0c5fd:0f6a1e01-546e-438b-b11d-3ed6ddd9dc5c
[I 2025-07-26 15:45:27.847 ServerApp] Connecting to kernel 8de617ec-e990-4bba-b98f-b4e051b0c5fd.
[I 2025-07-26 15:45:52.019 ServerApp] Starting buffering for 8de617ec-e990-4bba-b98f-b4e051b0c5fd:f07356f8-e98e-486b-b79c-bd2e692e2385
[W 2025-07-26 15:45:55.847 ServerApp] 401 POST /login?next=%2F (@38.98.190.163) 1.44ms referer=http://172.190.115.70:18080/login
[I 2025-07-26 15:46:37.583 ServerApp] User 34d25b13b6f14b7e9559b3d408d31ec0 logged in.
[I 2025-07-26 15:46:37.584 ServerApp] 302 POST /login?next=%2F (34d25b13b6f14b7e9559b3d408d31ec0@38.98.190.163) 1.17ms
[I 2025-07-26 15:46:37.858 ServerApp] 302 GET / (@38.98.190.163) 0.40ms
[W 2025-07-26 15:46:39.644 LabApp] Could not determine jupyterlab build status without nodejs
[I 2025-07-26 15:46:40.248 ServerApp] Connecting to kernel 8de617ec-e990-4bba-b98f-b4e051b0c5fd.
[W 2025-07-26 15:46:40.619 ServerApp] Notebook debug_n3.ipynb is not trusted
[I 2025-07-26 15:46:40.870 ServerApp] Starting buffering for 8de617ec-e990-4bba-b98f-b4e051b0c5fd:a822db23-6712-4031-b0a1-04803d054875
[I 2025-07-26 15:46:42.155 ServerApp] Connecting to kernel 8de617ec-e990-4bba-b98f-b4e051b0c5fd.
[I 2025-07-26 15:47:13.010 LabApp] 302 GET /lab (@163.5.148.128) 0.57ms
[I 2025-07-26 15:47:28.601 ServerApp] User 9a29caa2535c4bf189d2caf6dca7687a logged in.
[I 2025-07-26 15:47:28.601 ServerApp] 302 POST /login?next=%2Flab (9a29caa2535c4bf189d2caf6dca7687a@163.5.148.128) 1.13ms
[W 2025-07-26 15:47:43.341 LabApp] Could not determine jupyterlab build status without nodejs
[I 2025-07-26 15:47:44.065 ServerApp] Connecting to kernel 8de617ec-e990-4bba-b98f-b4e051b0c5fd.
[W 2025-07-26 15:47:44.857 ServerApp] Notebook debug_n3.ipynb is not trusted
[I 2025-07-26 15:47:47.356 ServerApp] Connecting to kernel 8de617ec-e990-4bba-b98f-b4e051b0c5fd.
[W 2025-07-26 15:47:52.220 ServerApp] Notebook outliner_n3.ipynb is not trusted
[I 2025-07-26 15:47:53.947 ServerApp] Kernel started: 79e5653d-13e0-412b-83a9-ce0878c0c151
[I 2025-07-26 15:47:55.076 ServerApp] Connecting to kernel 79e5653d-13e0-412b-83a9-ce0878c0c151.
[I 2025-07-26 15:48:18.196 LabApp] 302 GET /lab (@114.88.127.164) 0.50ms
[I 2025-07-26 15:49:54.190 ServerApp] Saving file at /outliner_n3.ipynb
[W 2025-07-26 15:49:54.190 ServerApp] Notebook outliner_n3.ipynb is not trusted
[I 2025-07-26 15:56:12.413 ServerApp] Starting buffering for 79e5653d-13e0-412b-83a9-ce0878c0c151:a407d685-492a-4979-88dd-c4667f51f12b
[W 2025-07-26 15:59:18.187 ServerApp] Replacing stale connection: 8de617ec-e990-4bba-b98f-b4e051b0c5fd:716df97f-1e66-42f6-b7a3-94db9c796e33
[I 2025-07-26 15:59:18.188 ServerApp] Connecting to kernel 8de617ec-e990-4bba-b98f-b4e051b0c5fd.
[W 2025-07-26 15:59:18.194 ServerApp] 
[W 2025-07-26 15:59:18.196 ServerApp] 
[W 2025-07-26 15:59:18.197 ServerApp] 
[W 2025-07-26 15:59:18.197 ServerApp] 
[W 2025-07-26 15:59:51.505 ServerApp] Replacing stale connection: 8de617ec-e990-4bba-b98f-b4e051b0c5fd:716df97f-1e66-42f6-b7a3-94db9c796e33
[I 2025-07-26 15:59:51.506 ServerApp] Connecting to kernel 8de617ec-e990-4bba-b98f-b4e051b0c5fd.
[W 2025-07-26 15:59:51.513 ServerApp] 
[W 2025-07-26 15:59:51.514 ServerApp] 
[W 2025-07-26 15:59:51.517 ServerApp] 
[W 2025-07-26 15:59:51.518 ServerApp] 
[W 2025-07-26 15:59:51.938 ServerApp] 
[W 2025-07-26 15:59:51.939 ServerApp] 
[W 2025-07-26 16:01:21.508 ServerApp] WebSocket ping timeout after 90002 ms.
[I 2025-07-26 16:01:26.510 ServerApp] Starting buffering for 8de617ec-e990-4bba-b98f-b4e051b0c5fd:716df97f-1e66-42f6-b7a3-94db9c796e33
[I 2025-07-26 16:35:21.043 ServerApp] Connecting to kernel 8de617ec-e990-4bba-b98f-b4e051b0c5fd.
[I 2025-07-26 16:35:21.043 ServerApp] Restoring connection for 8de617ec-e990-4bba-b98f-b4e051b0c5fd:716df97f-1e66-42f6-b7a3-94db9c796e33
[W 2025-07-26 17:02:21.044 ServerApp] WebSocket ping timeout after 119514 ms.
[I 2025-07-26 17:02:26.049 ServerApp] Starting buffering for 8de617ec-e990-4bba-b98f-b4e051b0c5fd:716df97f-1e66-42f6-b7a3-94db9c796e33
[I 2025-07-26 17:51:09.339 ServerApp] Connecting to kernel 8de617ec-e990-4bba-b98f-b4e051b0c5fd.
[I 2025-07-26 17:51:09.339 ServerApp] Restoring connection for 8de617ec-e990-4bba-b98f-b4e051b0c5fd:716df97f-1e66-42f6-b7a3-94db9c796e33
[W 2025-07-26 17:55:39.341 ServerApp] WebSocket ping timeout after 119403 ms.
[I 2025-07-26 17:55:44.343 ServerApp] Starting buffering for 8de617ec-e990-4bba-b98f-b4e051b0c5fd:716df97f-1e66-42f6-b7a3-94db9c796e33
[I 2025-07-26 18:00:40.097 ServerApp] Connecting to kernel 8de617ec-e990-4bba-b98f-b4e051b0c5fd.
[I 2025-07-26 18:00:40.097 ServerApp] Restoring connection for 8de617ec-e990-4bba-b98f-b4e051b0c5fd:716df97f-1e66-42f6-b7a3-94db9c796e33
[W 2025-07-26 18:04:33.591 ServerApp] Replacing stale connection: 8de617ec-e990-4bba-b98f-b4e051b0c5fd:716df97f-1e66-42f6-b7a3-94db9c796e33
[I 2025-07-26 18:04:33.592 ServerApp] Connecting to kernel 8de617ec-e990-4bba-b98f-b4e051b0c5fd.
[W 2025-07-26 18:04:33.599 ServerApp] 
[W 2025-07-26 18:04:33.601 ServerApp] 
[W 2025-07-26 18:04:33.602 ServerApp] 
[W 2025-07-26 18:04:33.603 ServerApp] 
[W 2025-07-26 18:04:34.261 ServerApp] 
[W 2025-07-26 18:04:34.262 ServerApp] 
[W 2025-07-26 18:12:33.593 ServerApp] WebSocket ping timeout after 118243 ms.
[I 2025-07-26 18:12:38.595 ServerApp] Starting buffering for 8de617ec-e990-4bba-b98f-b4e051b0c5fd:716df97f-1e66-42f6-b7a3-94db9c796e33
[I 2025-07-26 19:02:04.477 ServerApp] Connecting to kernel 8de617ec-e990-4bba-b98f-b4e051b0c5fd.
[I 2025-07-26 19:02:04.477 ServerApp] Restoring connection for 8de617ec-e990-4bba-b98f-b4e051b0c5fd:716df97f-1e66-42f6-b7a3-94db9c796e33
[W 2025-07-26 19:07:04.479 ServerApp] WebSocket ping timeout after 119514 ms.
[I 2025-07-26 19:07:09.481 ServerApp] Starting buffering for 8de617ec-e990-4bba-b98f-b4e051b0c5fd:716df97f-1e66-42f6-b7a3-94db9c796e33
[I 2025-07-26 19:55:38.577 ServerApp] Connecting to kernel 8de617ec-e990-4bba-b98f-b4e051b0c5fd.
[I 2025-07-26 19:55:38.577 ServerApp] Restoring connection for 8de617ec-e990-4bba-b98f-b4e051b0c5fd:716df97f-1e66-42f6-b7a3-94db9c796e33
[W 2025-07-26 19:59:08.580 ServerApp] WebSocket ping timeout after 119536 ms.
[I 2025-07-26 19:59:13.584 ServerApp] Starting buffering for 8de617ec-e990-4bba-b98f-b4e051b0c5fd:716df97f-1e66-42f6-b7a3-94db9c796e33
[I 2025-07-26 20:32:19.372 ServerApp] Connecting to kernel 8de617ec-e990-4bba-b98f-b4e051b0c5fd.
[I 2025-07-26 20:32:19.372 ServerApp] Restoring connection for 8de617ec-e990-4bba-b98f-b4e051b0c5fd:716df97f-1e66-42f6-b7a3-94db9c796e33
[W 2025-07-26 20:34:49.374 ServerApp] WebSocket ping timeout after 119505 ms.
[I 2025-07-26 20:34:54.375 ServerApp] Starting buffering for 8de617ec-e990-4bba-b98f-b4e051b0c5fd:716df97f-1e66-42f6-b7a3-94db9c796e33
[I 2025-07-26 21:08:10.436 ServerApp] Connecting to kernel 8de617ec-e990-4bba-b98f-b4e051b0c5fd.
[I 2025-07-26 21:08:10.436 ServerApp] Restoring connection for 8de617ec-e990-4bba-b98f-b4e051b0c5fd:716df97f-1e66-42f6-b7a3-94db9c796e33
[W 2025-07-26 21:12:40.438 ServerApp] WebSocket ping timeout after 119397 ms.
[I 2025-07-26 21:12:45.440 ServerApp] Starting buffering for 8de617ec-e990-4bba-b98f-b4e051b0c5fd:716df97f-1e66-42f6-b7a3-94db9c796e33
[I 2025-07-26 21:31:19.069 ServerApp] Connecting to kernel 8de617ec-e990-4bba-b98f-b4e051b0c5fd.
[I 2025-07-26 21:31:19.069 ServerApp] Restoring connection for 8de617ec-e990-4bba-b98f-b4e051b0c5fd:716df97f-1e66-42f6-b7a3-94db9c796e33
[W 2025-07-26 21:54:19.071 ServerApp] WebSocket ping timeout after 119601 ms.
[I 2025-07-26 21:54:24.072 ServerApp] Starting buffering for 8de617ec-e990-4bba-b98f-b4e051b0c5fd:716df97f-1e66-42f6-b7a3-94db9c796e33
[I 2025-07-26 22:20:44.409 ServerApp] Connecting to kernel 8de617ec-e990-4bba-b98f-b4e051b0c5fd.
[I 2025-07-26 22:20:44.409 ServerApp] Restoring connection for 8de617ec-e990-4bba-b98f-b4e051b0c5fd:716df97f-1e66-42f6-b7a3-94db9c796e33
[W 2025-07-26 22:22:14.410 ServerApp] WebSocket ping timeout after 90000 ms.
[I 2025-07-26 22:22:19.413 ServerApp] Starting buffering for 8de617ec-e990-4bba-b98f-b4e051b0c5fd:716df97f-1e66-42f6-b7a3-94db9c796e33
[I 2025-07-26 22:56:06.300 ServerApp] Connecting to kernel 8de617ec-e990-4bba-b98f-b4e051b0c5fd.
[I 2025-07-26 22:56:06.300 ServerApp] Restoring connection for 8de617ec-e990-4bba-b98f-b4e051b0c5fd:716df97f-1e66-42f6-b7a3-94db9c796e33
[W 2025-07-26 22:58:36.301 ServerApp] WebSocket ping timeout after 119589 ms.
[I 2025-07-26 22:58:41.303 ServerApp] Starting buffering for 8de617ec-e990-4bba-b98f-b4e051b0c5fd:716df97f-1e66-42f6-b7a3-94db9c796e33
[I 2025-07-26 23:57:52.415 ServerApp] 302 GET / (@205.210.31.65) 0.40ms
[I 2025-07-26 23:57:52.471 LabApp] 302 GET /lab? (@205.210.31.65) 0.51ms
[I 2025-07-27 00:41:14.856 ServerApp] Connecting to kernel 8de617ec-e990-4bba-b98f-b4e051b0c5fd.
[I 2025-07-27 00:41:14.856 ServerApp] Restoring connection for 8de617ec-e990-4bba-b98f-b4e051b0c5fd:716df97f-1e66-42f6-b7a3-94db9c796e33
[W 2025-07-27 00:45:14.858 ServerApp] WebSocket ping timeout after 111093 ms.
[I 2025-07-27 00:45:19.861 ServerApp] Starting buffering for 8de617ec-e990-4bba-b98f-b4e051b0c5fd:716df97f-1e66-42f6-b7a3-94db9c796e33
[I 2025-07-27 02:40:56.711 ServerApp] Connecting to kernel 8de617ec-e990-4bba-b98f-b4e051b0c5fd.
[I 2025-07-27 02:40:56.713 ServerApp] Restoring connection for 8de617ec-e990-4bba-b98f-b4e051b0c5fd:716df97f-1e66-42f6-b7a3-94db9c796e33
[W 2025-07-27 02:42:26.713 ServerApp] WebSocket ping timeout after 90001 ms.
[I 2025-07-27 02:42:31.716 ServerApp] Starting buffering for 8de617ec-e990-4bba-b98f-b4e051b0c5fd:716df97f-1e66-42f6-b7a3-94db9c796e33
[I 2025-07-27 04:44:36.233 ServerApp] Connecting to kernel 8de617ec-e990-4bba-b98f-b4e051b0c5fd.
[I 2025-07-27 04:44:36.233 ServerApp] Restoring connection for 8de617ec-e990-4bba-b98f-b4e051b0c5fd:716df97f-1e66-42f6-b7a3-94db9c796e33
[W 2025-07-27 04:46:06.234 ServerApp] WebSocket ping timeout after 90000 ms.
[I 2025-07-27 04:46:11.235 ServerApp] Starting buffering for 8de617ec-e990-4bba-b98f-b4e051b0c5fd:716df97f-1e66-42f6-b7a3-94db9c796e33
[I 2025-07-27 05:11:20.444 ServerApp] Connecting to kernel 8de617ec-e990-4bba-b98f-b4e051b0c5fd.
[I 2025-07-27 05:11:20.444 ServerApp] Restoring connection for 8de617ec-e990-4bba-b98f-b4e051b0c5fd:716df97f-1e66-42f6-b7a3-94db9c796e33
[I 2025-07-27 07:01:54.192 ServerApp] 302 GET / (@172.236.228.202) 0.38ms
[W 2025-07-27 07:04:15.051 ServerApp] Replacing stale connection: 8de617ec-e990-4bba-b98f-b4e051b0c5fd:716df97f-1e66-42f6-b7a3-94db9c796e33
[I 2025-07-27 07:04:15.052 ServerApp] Connecting to kernel 8de617ec-e990-4bba-b98f-b4e051b0c5fd.
[W 2025-07-27 07:04:15.062 ServerApp] 
[W 2025-07-27 07:04:15.063 ServerApp] 
[W 2025-07-27 07:04:15.065 ServerApp] 
[W 2025-07-27 07:04:15.065 ServerApp] 
[W 2025-07-27 07:04:15.473 ServerApp] 
[W 2025-07-27 07:04:15.474 ServerApp] 
[W 2025-07-27 07:05:45.053 ServerApp] WebSocket ping timeout after 90001 ms.
[I 2025-07-27 07:05:50.057 ServerApp] Starting buffering for 8de617ec-e990-4bba-b98f-b4e051b0c5fd:716df97f-1e66-42f6-b7a3-94db9c796e33
[I 2025-07-27 07:36:21.955 ServerApp] Connecting to kernel 8de617ec-e990-4bba-b98f-b4e051b0c5fd.
[I 2025-07-27 07:36:21.955 ServerApp] Restoring connection for 8de617ec-e990-4bba-b98f-b4e051b0c5fd:716df97f-1e66-42f6-b7a3-94db9c796e33
[W 2025-07-27 07:40:11.347 ServerApp] Replacing stale connection: 8de617ec-e990-4bba-b98f-b4e051b0c5fd:716df97f-1e66-42f6-b7a3-94db9c796e33
[I 2025-07-27 07:40:11.348 ServerApp] Connecting to kernel 8de617ec-e990-4bba-b98f-b4e051b0c5fd.
[W 2025-07-27 07:40:11.353 ServerApp] 
[W 2025-07-27 07:40:11.355 ServerApp] 
[W 2025-07-27 07:40:11.355 ServerApp] 
[W 2025-07-27 07:40:11.357 ServerApp] 
[W 2025-07-27 07:40:11.772 ServerApp] 
[W 2025-07-27 07:40:11.774 ServerApp] 
[W 2025-07-27 07:41:41.349 ServerApp] WebSocket ping timeout after 90001 ms.
[I 2025-07-27 07:41:46.352 ServerApp] Starting buffering for 8de617ec-e990-4bba-b98f-b4e051b0c5fd:716df97f-1e66-42f6-b7a3-94db9c796e33
[I 2025-07-27 07:57:02.065 ServerApp] Connecting to kernel 8de617ec-e990-4bba-b98f-b4e051b0c5fd.
[I 2025-07-27 07:57:02.065 ServerApp] Restoring connection for 8de617ec-e990-4bba-b98f-b4e051b0c5fd:716df97f-1e66-42f6-b7a3-94db9c796e33
[W 2025-07-27 08:47:03.535 ServerApp] Replacing stale connection: 8de617ec-e990-4bba-b98f-b4e051b0c5fd:716df97f-1e66-42f6-b7a3-94db9c796e33
[I 2025-07-27 08:47:03.536 ServerApp] Connecting to kernel 8de617ec-e990-4bba-b98f-b4e051b0c5fd.
[W 2025-07-27 08:47:03.541 ServerApp] 
[W 2025-07-27 08:47:03.543 ServerApp] 
[W 2025-07-27 08:47:03.544 ServerApp] 
[W 2025-07-27 08:47:03.546 ServerApp] 
[W 2025-07-27 08:47:03.961 ServerApp] 
[W 2025-07-27 08:47:03.963 ServerApp] 
[W 2025-07-27 08:48:33.537 ServerApp] WebSocket ping timeout after 90001 ms.
[I 2025-07-27 08:48:34.281 ServerApp] Starting buffering for 8de617ec-e990-4bba-b98f-b4e051b0c5fd:716df97f-1e66-42f6-b7a3-94db9c796e33
[I 2025-07-27 08:48:36.830 ServerApp] Connecting to kernel 8de617ec-e990-4bba-b98f-b4e051b0c5fd.
[I 2025-07-27 08:48:36.830 ServerApp] Restoring connection for 8de617ec-e990-4bba-b98f-b4e051b0c5fd:716df97f-1e66-42f6-b7a3-94db9c796e33
[W 2025-07-27 08:48:57.885 ServerApp] Replacing stale connection: 8de617ec-e990-4bba-b98f-b4e051b0c5fd:716df97f-1e66-42f6-b7a3-94db9c796e33
[I 2025-07-27 08:48:57.886 ServerApp] Connecting to kernel 8de617ec-e990-4bba-b98f-b4e051b0c5fd.
[W 2025-07-27 08:48:57.894 ServerApp] 
[W 2025-07-27 08:48:57.894 ServerApp] 
[W 2025-07-27 08:48:57.896 ServerApp] 
[W 2025-07-27 08:48:57.897 ServerApp] 
[W 2025-07-27 08:48:58.305 ServerApp] 
[W 2025-07-27 08:48:58.306 ServerApp] 
[W 2025-07-27 08:50:27.889 ServerApp] WebSocket ping timeout after 90003 ms.
[I 2025-07-27 08:50:32.891 ServerApp] Starting buffering for 8de617ec-e990-4bba-b98f-b4e051b0c5fd:716df97f-1e66-42f6-b7a3-94db9c796e33
[I 2025-07-27 10:13:29.628 ServerApp] Connecting to kernel 8de617ec-e990-4bba-b98f-b4e051b0c5fd.
[I 2025-07-27 10:13:29.628 ServerApp] Restoring connection for 8de617ec-e990-4bba-b98f-b4e051b0c5fd:716df97f-1e66-42f6-b7a3-94db9c796e33
[I 2025-07-27 10:31:35.540 ServerApp] 302 GET / (@198.235.24.134) 0.39ms
[I 2025-07-27 10:31:35.708 LabApp] 302 GET /lab? (@198.235.24.134) 0.55ms
[W 2025-07-27 12:37:17.084 ServerApp] Replacing stale connection: 8de617ec-e990-4bba-b98f-b4e051b0c5fd:716df97f-1e66-42f6-b7a3-94db9c796e33
[I 2025-07-27 12:37:17.084 ServerApp] Connecting to kernel 8de617ec-e990-4bba-b98f-b4e051b0c5fd.
[W 2025-07-27 12:37:17.091 ServerApp] 
[W 2025-07-27 12:37:17.092 ServerApp] 
[W 2025-07-27 12:37:17.094 ServerApp] 
[W 2025-07-27 12:37:17.095 ServerApp] 
[W 2025-07-27 12:37:17.751 ServerApp] 
[W 2025-07-27 12:37:17.753 ServerApp] 
[W 2025-07-27 13:00:33.065 ServerApp] Replacing stale connection: 8de617ec-e990-4bba-b98f-b4e051b0c5fd:716df97f-1e66-42f6-b7a3-94db9c796e33
[I 2025-07-27 13:00:33.065 ServerApp] Connecting to kernel 8de617ec-e990-4bba-b98f-b4e051b0c5fd.
[W 2025-07-27 13:00:33.071 ServerApp] 
[W 2025-07-27 13:00:33.074 ServerApp] 
[W 2025-07-27 13:00:33.074 ServerApp] 
[W 2025-07-27 13:00:33.075 ServerApp] 
[W 2025-07-27 13:00:33.483 ServerApp] 
[W 2025-07-27 13:00:33.484 ServerApp] 
[W 2025-07-27 13:03:10.713 LabApp] Could not determine jupyterlab build status without nodejs
[I 2025-07-27 13:03:11.312 ServerApp] Connecting to kernel 8de617ec-e990-4bba-b98f-b4e051b0c5fd.
[I 2025-07-27 13:03:12.180 ServerApp] Connecting to kernel 79e5653d-13e0-412b-83a9-ce0878c0c151.
[W 2025-07-27 13:03:12.823 ServerApp] Notebook debug_n3.ipynb is not trusted
[I 2025-07-27 13:03:12.856 ServerApp] Starting buffering for 79e5653d-13e0-412b-83a9-ce0878c0c151:2b20a3e9-ca3e-4cf6-bc2a-f96b94ccadfc
[I 2025-07-27 13:03:14.603 ServerApp] Connecting to kernel 8de617ec-e990-4bba-b98f-b4e051b0c5fd.
[W 2025-07-27 13:03:38.390 LabApp] Could not determine jupyterlab build status without nodejs
[I 2025-07-27 13:03:38.688 ServerApp] Connecting to kernel 8de617ec-e990-4bba-b98f-b4e051b0c5fd.
[I 2025-07-27 13:03:39.201 ServerApp] Connecting to kernel 79e5653d-13e0-412b-83a9-ce0878c0c151.
[W 2025-07-27 13:03:39.337 ServerApp] Notebook debug_n3.ipynb is not trusted
[I 2025-07-27 13:03:39.965 ServerApp] Starting buffering for 79e5653d-13e0-412b-83a9-ce0878c0c151:73f83181-3be0-4502-b03f-c24674a5ab1d
[I 2025-07-27 13:03:42.350 ServerApp] Connecting to kernel 8de617ec-e990-4bba-b98f-b4e051b0c5fd.
[I 2025-07-27 13:05:13.226 ServerApp] Kernel restarted: 8de617ec-e990-4bba-b98f-b4e051b0c5fd
[I 2025-07-27 13:05:13.753 ServerApp] Connecting to kernel 8de617ec-e990-4bba-b98f-b4e051b0c5fd.
[I 2025-07-27 13:05:43.260 ServerApp] Saving file at /debug_n3.ipynb
[W 2025-07-27 13:05:43.261 ServerApp] Notebook debug_n3.ipynb is not trusted
[I 2025-07-27 13:06:43.300 ServerApp] Kernel restarted: 8de617ec-e990-4bba-b98f-b4e051b0c5fd
[I 2025-07-27 13:06:43.810 ServerApp] Connecting to kernel 8de617ec-e990-4bba-b98f-b4e051b0c5fd.
[I 2025-07-27 13:07:04.077 ServerApp] Kernel restarted: 8de617ec-e990-4bba-b98f-b4e051b0c5fd
[I 2025-07-27 13:07:04.606 ServerApp] Connecting to kernel 8de617ec-e990-4bba-b98f-b4e051b0c5fd.
[I 2025-07-27 13:07:32.631 ServerApp] Kernel restarted: 8de617ec-e990-4bba-b98f-b4e051b0c5fd
[I 2025-07-27 13:07:35.177 ServerApp] Connecting to kernel 8de617ec-e990-4bba-b98f-b4e051b0c5fd.
[I 2025-07-27 13:07:44.537 ServerApp] Saving file at /debug_n3.ipynb
[I 2025-07-27 13:09:45.373 ServerApp] Saving file at /debug_n3.ipynb
[I 2025-07-27 13:11:46.223 ServerApp] Saving file at /debug_n3.ipynb
[I 2025-07-27 13:13:47.048 ServerApp] Saving file at /debug_n3.ipynb
[I 2025-07-27 13:14:52.067 ServerApp] Saving file at /graphs/n3/prompts.py
[I 2025-07-27 13:15:48.587 ServerApp] Saving file at /debug_n3.ipynb
[I 2025-07-27 13:16:52.894 ServerApp] Saving file at /graphs/n3/prompts.py
[I 2025-07-27 13:18:53.710 ServerApp] Saving file at /graphs/n3/prompts.py
[W 2025-07-27 13:19:12.510 ServerApp] Notebook outliner_n3.ipynb is not trusted
[W 2025-07-27 13:19:45.145 LabApp] Could not determine jupyterlab build status without nodejs
[I 2025-07-27 13:19:45.676 ServerApp] Connecting to kernel 8de617ec-e990-4bba-b98f-b4e051b0c5fd.
[I 2025-07-27 13:19:46.443 ServerApp] Connecting to kernel 79e5653d-13e0-412b-83a9-ce0878c0c151.
[I 2025-07-27 13:19:47.036 ServerApp] Starting buffering for 79e5653d-13e0-412b-83a9-ce0878c0c151:d761a198-721e-4a39-bd9e-237662690c66
[W 2025-07-27 13:19:47.788 ServerApp] Notebook outliner_n3.ipynb is not trusted
[I 2025-07-27 13:19:49.644 ServerApp] Connecting to kernel 8de617ec-e990-4bba-b98f-b4e051b0c5fd.
[I 2025-07-27 13:19:50.436 ServerApp] Connecting to kernel 79e5653d-13e0-412b-83a9-ce0878c0c151.
[I 2025-07-27 13:21:48.358 ServerApp] Saving file at /debug_n3.ipynb
[I 2025-07-27 13:31:48.562 ServerApp] Saving file at /Vocab/sentence_grammar.txt
[I 2025-07-27 13:46:07.845 ServerApp] Saving file at /graphs/n3/prompts.py
[I 2025-07-27 13:46:08.976 ServerApp] Kernel restarted: 8de617ec-e990-4bba-b98f-b4e051b0c5fd
[I 2025-07-27 13:46:09.623 ServerApp] Connecting to kernel 8de617ec-e990-4bba-b98f-b4e051b0c5fd.
[I 2025-07-27 13:48:08.821 ServerApp] Saving file at /debug_n3.ipynb
[I 2025-07-27 13:54:09.677 ServerApp] Saving file at /graphs/n3/prompts.py
[I 2025-07-27 13:54:30.936 ServerApp] Starting buffering for 79e5653d-13e0-412b-83a9-ce0878c0c151:8befd53f-d266-4522-aaa1-c1258eb8854a
[I 2025-07-27 13:54:50.660 ServerApp] Kernel restarted: 8de617ec-e990-4bba-b98f-b4e051b0c5fd
[I 2025-07-27 13:54:51.308 ServerApp] Connecting to kernel 8de617ec-e990-4bba-b98f-b4e051b0c5fd.
[I 2025-07-27 13:56:09.673 ServerApp] Saving file at /debug_n3.ipynb
[I 2025-07-27 13:56:10.527 ServerApp] Saving file at /graphs/n3/prompts.py
[I 2025-07-27 13:58:10.512 ServerApp] Saving file at /debug_n3.ipynb
[I 2025-07-27 14:00:11.337 ServerApp] Saving file at /debug_n3.ipynb
[I 2025-07-27 14:04:12.400 ServerApp] Saving file at /debug_n3.ipynb
[I 2025-07-27 14:06:13.231 ServerApp] Saving file at /debug_n3.ipynb
[I 2025-07-27 14:12:39.788 ServerApp] Kernel restarted: 8de617ec-e990-4bba-b98f-b4e051b0c5fd
[I 2025-07-27 14:12:40.404 ServerApp] Connecting to kernel 8de617ec-e990-4bba-b98f-b4e051b0c5fd.
[I 2025-07-27 14:14:11.890 ServerApp] Saving file at /graphs/n3/prompts.py
[I 2025-07-27 14:14:14.615 ServerApp] Saving file at /debug_n3.ipynb
[I 2025-07-27 14:16:15.409 ServerApp] Saving file at /debug_n3.ipynb
[W 2025-07-27 14:44:39.418 ServerApp] Replacing stale connection: 8de617ec-e990-4bba-b98f-b4e051b0c5fd:716df97f-1e66-42f6-b7a3-94db9c796e33
[I 2025-07-27 14:44:39.419 ServerApp] Connecting to kernel 8de617ec-e990-4bba-b98f-b4e051b0c5fd.
[W 2025-07-27 14:44:39.425 ServerApp] 
[W 2025-07-27 14:44:39.427 ServerApp] 
[W 2025-07-27 14:44:39.427 ServerApp] 
[W 2025-07-27 14:44:39.428 ServerApp] 
[W 2025-07-27 14:44:39.848 ServerApp] 
[W 2025-07-27 14:44:39.851 ServerApp] 
[W 2025-07-27 14:46:09.420 ServerApp] WebSocket ping timeout after 90000 ms.
[I 2025-07-27 14:46:14.423 ServerApp] Starting buffering for 8de617ec-e990-4bba-b98f-b4e051b0c5fd:716df97f-1e66-42f6-b7a3-94db9c796e33
[I 2025-07-27 15:13:57.975 ServerApp] Connecting to kernel 8de617ec-e990-4bba-b98f-b4e051b0c5fd.
[I 2025-07-27 15:13:57.975 ServerApp] Restoring connection for 8de617ec-e990-4bba-b98f-b4e051b0c5fd:716df97f-1e66-42f6-b7a3-94db9c796e33
[W 2025-07-27 15:48:27.976 ServerApp] WebSocket ping timeout after 119500 ms.
[I 2025-07-27 15:48:32.978 ServerApp] Starting buffering for 8de617ec-e990-4bba-b98f-b4e051b0c5fd:716df97f-1e66-42f6-b7a3-94db9c796e33
[I 2025-07-27 16:22:04.715 ServerApp] Connecting to kernel 8de617ec-e990-4bba-b98f-b4e051b0c5fd.
[I 2025-07-27 16:22:04.715 ServerApp] Restoring connection for 8de617ec-e990-4bba-b98f-b4e051b0c5fd:716df97f-1e66-42f6-b7a3-94db9c796e33
[W 2025-07-27 16:23:34.717 ServerApp] WebSocket ping timeout after 90001 ms.
[I 2025-07-27 16:23:39.718 ServerApp] Starting buffering for 8de617ec-e990-4bba-b98f-b4e051b0c5fd:716df97f-1e66-42f6-b7a3-94db9c796e33
[I 2025-07-27 16:47:13.818 ServerApp] Connecting to kernel 8de617ec-e990-4bba-b98f-b4e051b0c5fd.
[I 2025-07-27 16:47:13.818 ServerApp] Restoring connection for 8de617ec-e990-4bba-b98f-b4e051b0c5fd:716df97f-1e66-42f6-b7a3-94db9c796e33
[W 2025-07-27 16:49:43.820 ServerApp] WebSocket ping timeout after 119521 ms.
[I 2025-07-27 16:49:48.821 ServerApp] Starting buffering for 8de617ec-e990-4bba-b98f-b4e051b0c5fd:716df97f-1e66-42f6-b7a3-94db9c796e33
[I 2025-07-27 17:38:29.961 ServerApp] Connecting to kernel 8de617ec-e990-4bba-b98f-b4e051b0c5fd.
[I 2025-07-27 17:38:29.962 ServerApp] Restoring connection for 8de617ec-e990-4bba-b98f-b4e051b0c5fd:716df97f-1e66-42f6-b7a3-94db9c796e33
[W 2025-07-27 17:40:59.963 ServerApp] WebSocket ping timeout after 119580 ms.
[I 2025-07-27 17:41:04.965 ServerApp] Starting buffering for 8de617ec-e990-4bba-b98f-b4e051b0c5fd:716df97f-1e66-42f6-b7a3-94db9c796e33
[I 2025-07-27 17:46:59.002 ServerApp] Connecting to kernel 8de617ec-e990-4bba-b98f-b4e051b0c5fd.
[I 2025-07-27 17:46:59.002 ServerApp] Restoring connection for 8de617ec-e990-4bba-b98f-b4e051b0c5fd:716df97f-1e66-42f6-b7a3-94db9c796e33
[W 2025-07-27 17:50:59.005 ServerApp] WebSocket ping timeout after 119588 ms.
[I 2025-07-27 17:51:04.006 ServerApp] Starting buffering for 8de617ec-e990-4bba-b98f-b4e051b0c5fd:716df97f-1e66-42f6-b7a3-94db9c796e33
[I 2025-07-27 18:24:35.150 ServerApp] Connecting to kernel 8de617ec-e990-4bba-b98f-b4e051b0c5fd.
[I 2025-07-27 18:24:35.150 ServerApp] Restoring connection for 8de617ec-e990-4bba-b98f-b4e051b0c5fd:716df97f-1e66-42f6-b7a3-94db9c796e33
[W 2025-07-27 18:26:05.152 ServerApp] WebSocket ping timeout after 90002 ms.
[I 2025-07-27 18:26:10.153 ServerApp] Starting buffering for 8de617ec-e990-4bba-b98f-b4e051b0c5fd:716df97f-1e66-42f6-b7a3-94db9c796e33
[I 2025-07-27 18:59:56.115 ServerApp] Connecting to kernel 8de617ec-e990-4bba-b98f-b4e051b0c5fd.
[I 2025-07-27 18:59:56.115 ServerApp] Restoring connection for 8de617ec-e990-4bba-b98f-b4e051b0c5fd:716df97f-1e66-42f6-b7a3-94db9c796e33
[I 2025-07-27 19:01:43.412 ServerApp] 302 GET / (@147.185.132.207) 0.40ms
[I 2025-07-27 19:01:43.451 LabApp] 302 GET /lab? (@147.185.132.207) 0.49ms
[W 2025-07-27 19:02:26.117 ServerApp] WebSocket ping timeout after 119558 ms.
[I 2025-07-27 19:02:31.119 ServerApp] Starting buffering for 8de617ec-e990-4bba-b98f-b4e051b0c5fd:716df97f-1e66-42f6-b7a3-94db9c796e33
[I 2025-07-27 19:02:57.628 ServerApp] 302 GET / (@162.142.125.214) 0.39ms
[I 2025-07-27 19:03:07.974 ServerApp] 302 GET / (@162.142.125.214) 0.45ms
[I 2025-07-27 19:03:08.325 ServerApp] Malformed HTTP message from 162.142.125.214: Unexpected HTTP version 'HTTP/2.0'
[I 2025-07-27 19:03:11.808 LabApp] 302 GET /lab (@162.142.125.214) 0.50ms
[I 2025-07-27 19:03:12.036 ServerApp] Malformed HTTP message from 162.142.125.214: Unexpected HTTP version 'HTTP/2.0'
[I 2025-07-27 19:03:18.361 ServerApp] Malformed HTTP message from 162.142.125.214: Unexpected HTTP version 'HTTP/2.0'
[W 2025-07-27 19:03:40.277 ServerApp] 404 GET /robots.txt (@162.142.125.214) 1.23ms referer=None
[I 2025-07-27 19:51:12.219 ServerApp] Connecting to kernel 8de617ec-e990-4bba-b98f-b4e051b0c5fd.
[I 2025-07-27 19:51:12.219 ServerApp] Restoring connection for 8de617ec-e990-4bba-b98f-b4e051b0c5fd:716df97f-1e66-42f6-b7a3-94db9c796e33
[W 2025-07-27 19:54:42.221 ServerApp] WebSocket ping timeout after 119594 ms.
[I 2025-07-27 19:54:47.224 ServerApp] Starting buffering for 8de617ec-e990-4bba-b98f-b4e051b0c5fd:716df97f-1e66-42f6-b7a3-94db9c796e33
[I 2025-07-27 20:12:44.299 ServerApp] Connecting to kernel 8de617ec-e990-4bba-b98f-b4e051b0c5fd.
[I 2025-07-27 20:12:44.299 ServerApp] Restoring connection for 8de617ec-e990-4bba-b98f-b4e051b0c5fd:716df97f-1e66-42f6-b7a3-94db9c796e33
[W 2025-07-27 20:41:14.303 ServerApp] WebSocket ping timeout after 119576 ms.
[I 2025-07-27 20:41:19.305 ServerApp] Starting buffering for 8de617ec-e990-4bba-b98f-b4e051b0c5fd:716df97f-1e66-42f6-b7a3-94db9c796e33
[I 2025-07-27 21:14:51.271 ServerApp] Connecting to kernel 8de617ec-e990-4bba-b98f-b4e051b0c5fd.
[I 2025-07-27 21:14:51.271 ServerApp] Restoring connection for 8de617ec-e990-4bba-b98f-b4e051b0c5fd:716df97f-1e66-42f6-b7a3-94db9c796e33
[W 2025-07-27 21:18:21.273 ServerApp] WebSocket ping timeout after 119408 ms.
[I 2025-07-27 21:18:26.275 ServerApp] Starting buffering for 8de617ec-e990-4bba-b98f-b4e051b0c5fd:716df97f-1e66-42f6-b7a3-94db9c796e33
[I 2025-07-27 21:37:04.028 ServerApp] Connecting to kernel 8de617ec-e990-4bba-b98f-b4e051b0c5fd.
[I 2025-07-27 21:37:04.028 ServerApp] Restoring connection for 8de617ec-e990-4bba-b98f-b4e051b0c5fd:716df97f-1e66-42f6-b7a3-94db9c796e33
[W 2025-07-27 22:49:34.030 ServerApp] WebSocket ping timeout after 119494 ms.
[I 2025-07-27 22:49:39.032 ServerApp] Starting buffering for 8de617ec-e990-4bba-b98f-b4e051b0c5fd:716df97f-1e66-42f6-b7a3-94db9c796e33
[I 2025-07-27 23:38:35.627 ServerApp] Connecting to kernel 8de617ec-e990-4bba-b98f-b4e051b0c5fd.
[I 2025-07-27 23:38:35.627 ServerApp] Restoring connection for 8de617ec-e990-4bba-b98f-b4e051b0c5fd:716df97f-1e66-42f6-b7a3-94db9c796e33
[W 2025-07-27 23:39:47.891 ServerApp] Replacing stale connection: 8de617ec-e990-4bba-b98f-b4e051b0c5fd:716df97f-1e66-42f6-b7a3-94db9c796e33
[I 2025-07-27 23:39:47.891 ServerApp] Connecting to kernel 8de617ec-e990-4bba-b98f-b4e051b0c5fd.
[W 2025-07-27 23:39:47.899 ServerApp] 
[W 2025-07-27 23:39:47.901 ServerApp] 
[W 2025-07-27 23:39:47.902 ServerApp] 
[W 2025-07-27 23:39:47.902 ServerApp] 
[W 2025-07-27 23:39:48.528 ServerApp] 
[W 2025-07-27 23:39:48.530 ServerApp] 
[W 2025-07-28 00:26:47.894 ServerApp] WebSocket ping timeout after 119366 ms.
[I 2025-07-28 00:26:52.899 ServerApp] Starting buffering for 8de617ec-e990-4bba-b98f-b4e051b0c5fd:716df97f-1e66-42f6-b7a3-94db9c796e33
[I 2025-07-28 00:29:46.840 ServerApp] 302 GET / (@206.168.34.194) 0.43ms
[I 2025-07-28 00:30:01.911 ServerApp] 302 GET / (@206.168.34.194) 0.35ms
[I 2025-07-28 00:30:05.640 ServerApp] Malformed HTTP message from 206.168.34.194: Unexpected HTTP version 'HTTP/2.0'
[I 2025-07-28 00:30:13.053 LabApp] 302 GET /lab (@206.168.34.194) 0.55ms
[I 2025-07-28 00:30:19.261 ServerApp] Malformed HTTP message from 206.168.34.194: Unexpected HTTP version 'HTTP/2.0'
[I 2025-07-28 00:30:38.590 ServerApp] Malformed HTTP message from 206.168.34.194: Unexpected HTTP version 'HTTP/2.0'
[W 2025-07-28 00:31:20.668 ServerApp] 404 GET /wiki (@206.168.34.194) 1.11ms referer=None
[I 2025-07-28 00:44:46.841 ServerApp] Connecting to kernel 8de617ec-e990-4bba-b98f-b4e051b0c5fd.
[I 2025-07-28 00:44:46.841 ServerApp] Restoring connection for 8de617ec-e990-4bba-b98f-b4e051b0c5fd:716df97f-1e66-42f6-b7a3-94db9c796e33
[I 2025-07-28 01:14:35.898 ServerApp] Starting buffering for 8de617ec-e990-4bba-b98f-b4e051b0c5fd:716df97f-1e66-42f6-b7a3-94db9c796e33
[I 2025-07-28 02:36:01.693 ServerApp] 302 GET / (@54.67.7.94) 0.39ms
[I 2025-07-28 09:01:56.786 ServerApp] 302 GET / (@205.210.31.136) 0.36ms
[I 2025-07-28 09:01:57.019 LabApp] 302 GET /lab? (@205.210.31.136) 0.53ms
[I 2025-07-28 12:13:18.506 ServerApp] 302 GET / (@167.94.146.54) 0.39ms
[I 2025-07-28 12:13:32.821 ServerApp] 302 GET / (@167.94.146.54) 0.36ms
[I 2025-07-28 12:13:33.101 ServerApp] Malformed HTTP message from 167.94.146.54: Unexpected HTTP version 'HTTP/2.0'
[I 2025-07-28 12:13:37.425 LabApp] 302 GET /lab (@167.94.146.54) 0.59ms
[I 2025-07-28 12:13:37.978 ServerApp] Malformed HTTP message from 167.94.146.54: Unexpected HTTP version 'HTTP/2.0'
[I 2025-07-28 12:13:42.611 ServerApp] Malformed HTTP message from 167.94.146.54: Unexpected HTTP version 'HTTP/2.0'
[W 2025-07-28 12:14:07.100 ServerApp] 404 GET /.well-known/security.txt (@167.94.146.54) 1.04ms referer=None
[W 2025-07-28 13:42:28.048 LabApp] Could not determine jupyterlab build status without nodejs
[I 2025-07-28 13:42:28.570 ServerApp] Connecting to kernel 79e5653d-13e0-412b-83a9-ce0878c0c151.
[I 2025-07-28 13:42:28.582 ServerApp] Connecting to kernel 8de617ec-e990-4bba-b98f-b4e051b0c5fd.
[I 2025-07-28 13:42:29.505 ServerApp] Starting buffering for 79e5653d-13e0-412b-83a9-ce0878c0c151:fed8de5f-eb4d-43e0-9b91-2a5d84b24ba6
[I 2025-07-28 13:42:30.211 ServerApp] Starting buffering for 8de617ec-e990-4bba-b98f-b4e051b0c5fd:e4d3d0ad-b266-4ffc-9c4d-5ee3bb74be8d
[I 2025-07-28 13:42:52.646 ServerApp] Connecting to kernel 8de617ec-e990-4bba-b98f-b4e051b0c5fd.
[I 2025-07-28 13:43:50.626 ServerApp] Kernel restarted: 8de617ec-e990-4bba-b98f-b4e051b0c5fd
[I 2025-07-28 13:43:51.104 ServerApp] Starting buffering for 8de617ec-e990-4bba-b98f-b4e051b0c5fd:ee71196c-ecdf-42cb-8dda-ea0abb53b60c
[I 2025-07-28 13:43:51.618 ServerApp] Connecting to kernel 8de617ec-e990-4bba-b98f-b4e051b0c5fd.
[I 2025-07-28 13:43:51.619 ServerApp] Restoring connection for 8de617ec-e990-4bba-b98f-b4e051b0c5fd:ee71196c-ecdf-42cb-8dda-ea0abb53b60c
[I 2025-07-28 13:43:51.628 ServerApp] Replaying 4 buffered messages
[I 2025-07-28 13:44:10.808 ServerApp] Kernel restarted: 8de617ec-e990-4bba-b98f-b4e051b0c5fd
[I 2025-07-28 13:44:11.213 ServerApp] Starting buffering for 8de617ec-e990-4bba-b98f-b4e051b0c5fd:ee71196c-ecdf-42cb-8dda-ea0abb53b60c
[I 2025-07-28 13:44:11.725 ServerApp] Connecting to kernel 8de617ec-e990-4bba-b98f-b4e051b0c5fd.
[I 2025-07-28 13:44:11.725 ServerApp] Restoring connection for 8de617ec-e990-4bba-b98f-b4e051b0c5fd:ee71196c-ecdf-42cb-8dda-ea0abb53b60c
[I 2025-07-28 13:44:11.731 ServerApp] Replaying 7 buffered messages
[I 2025-07-28 13:44:52.329 ServerApp] Saving file at /debug_n3.ipynb
[W 2025-07-28 13:55:31.631 ServerApp] Replacing stale connection: 8de617ec-e990-4bba-b98f-b4e051b0c5fd:ee71196c-ecdf-42cb-8dda-ea0abb53b60c
[I 2025-07-28 13:55:31.632 ServerApp] Connecting to kernel 8de617ec-e990-4bba-b98f-b4e051b0c5fd.
[W 2025-07-28 13:55:31.638 ServerApp] 
[W 2025-07-28 13:55:31.639 ServerApp] 
[W 2025-07-28 13:55:31.641 ServerApp] 
[W 2025-07-28 13:55:31.642 ServerApp] 
[W 2025-07-28 13:55:32.111 ServerApp] 
[W 2025-07-28 13:55:32.112 ServerApp] 
[I 2025-07-28 14:03:17.073 ServerApp] Saving file at /graphs/n3/prompts.py
[I 2025-07-28 14:05:18.905 ServerApp] Saving file at /graphs/n3/prompts.py
[I 2025-07-28 14:05:59.944 ServerApp] Kernel restarted: 8de617ec-e990-4bba-b98f-b4e051b0c5fd
[I 2025-07-28 14:06:00.415 ServerApp] Starting buffering for 8de617ec-e990-4bba-b98f-b4e051b0c5fd:ee71196c-ecdf-42cb-8dda-ea0abb53b60c
[I 2025-07-28 14:06:01.571 ServerApp] Connecting to kernel 8de617ec-e990-4bba-b98f-b4e051b0c5fd.
[I 2025-07-28 14:06:01.571 ServerApp] Restoring connection for 8de617ec-e990-4bba-b98f-b4e051b0c5fd:ee71196c-ecdf-42cb-8dda-ea0abb53b60c
[I 2025-07-28 14:06:01.577 ServerApp] Replaying 3 buffered messages
[I 2025-07-28 14:06:21.798 ServerApp] Kernel restarted: 8de617ec-e990-4bba-b98f-b4e051b0c5fd
[I 2025-07-28 14:06:22.276 ServerApp] Starting buffering for 8de617ec-e990-4bba-b98f-b4e051b0c5fd:ee71196c-ecdf-42cb-8dda-ea0abb53b60c
[I 2025-07-28 14:06:23.469 ServerApp] Connecting to kernel 8de617ec-e990-4bba-b98f-b4e051b0c5fd.
[I 2025-07-28 14:06:23.469 ServerApp] Restoring connection for 8de617ec-e990-4bba-b98f-b4e051b0c5fd:ee71196c-ecdf-42cb-8dda-ea0abb53b60c
[I 2025-07-28 14:07:21.485 ServerApp] Saving file at /graphs/n3/prompts.py
[I 2025-07-28 14:07:34.916 ServerApp] Saving file at /debug_n3.ipynb
[I 2025-07-28 14:10:21.586 ServerApp] Kernel restarted: 8de617ec-e990-4bba-b98f-b4e051b0c5fd
[I 2025-07-28 14:10:22.552 ServerApp] Starting buffering for 8de617ec-e990-4bba-b98f-b4e051b0c5fd:ee71196c-ecdf-42cb-8dda-ea0abb53b60c
[I 2025-07-28 14:10:23.090 ServerApp] Connecting to kernel 8de617ec-e990-4bba-b98f-b4e051b0c5fd.
[I 2025-07-28 14:10:23.090 ServerApp] Restoring connection for 8de617ec-e990-4bba-b98f-b4e051b0c5fd:ee71196c-ecdf-42cb-8dda-ea0abb53b60c
[I 2025-07-28 14:11:37.404 ServerApp] Saving file at /debug_n3.ipynb
[I 2025-07-28 14:13:39.278 ServerApp] Saving file at /debug_n3.ipynb
[I 2025-07-28 14:13:42.884 ServerApp] Kernel restarted: 8de617ec-e990-4bba-b98f-b4e051b0c5fd
[I 2025-07-28 14:13:43.837 ServerApp] Starting buffering for 8de617ec-e990-4bba-b98f-b4e051b0c5fd:ee71196c-ecdf-42cb-8dda-ea0abb53b60c
[I 2025-07-28 14:13:44.684 ServerApp] Connecting to kernel 8de617ec-e990-4bba-b98f-b4e051b0c5fd.
[I 2025-07-28 14:13:44.684 ServerApp] Restoring connection for 8de617ec-e990-4bba-b98f-b4e051b0c5fd:ee71196c-ecdf-42cb-8dda-ea0abb53b60c
[I 2025-07-28 14:18:27.991 ServerApp] Kernel restarted: 8de617ec-e990-4bba-b98f-b4e051b0c5fd
[I 2025-07-28 14:18:28.945 ServerApp] Starting buffering for 8de617ec-e990-4bba-b98f-b4e051b0c5fd:ee71196c-ecdf-42cb-8dda-ea0abb53b60c
[I 2025-07-28 14:18:29.446 ServerApp] Connecting to kernel 8de617ec-e990-4bba-b98f-b4e051b0c5fd.
[I 2025-07-28 14:18:29.446 ServerApp] Restoring connection for 8de617ec-e990-4bba-b98f-b4e051b0c5fd:ee71196c-ecdf-42cb-8dda-ea0abb53b60c
[I 2025-07-28 14:18:43.615 ServerApp] Kernel restarted: 8de617ec-e990-4bba-b98f-b4e051b0c5fd
[I 2025-07-28 14:18:44.099 ServerApp] Starting buffering for 8de617ec-e990-4bba-b98f-b4e051b0c5fd:ee71196c-ecdf-42cb-8dda-ea0abb53b60c
[I 2025-07-28 14:18:44.614 ServerApp] Connecting to kernel 8de617ec-e990-4bba-b98f-b4e051b0c5fd.
[I 2025-07-28 14:18:44.614 ServerApp] Restoring connection for 8de617ec-e990-4bba-b98f-b4e051b0c5fd:ee71196c-ecdf-42cb-8dda-ea0abb53b60c
[I 2025-07-28 14:18:44.623 ServerApp] Replaying 3 buffered messages
[I 2025-07-28 14:19:40.952 ServerApp] Saving file at /debug_n3.ipynb
[W 2025-07-28 16:18:14.160 ServerApp] Replacing stale connection: 8de617ec-e990-4bba-b98f-b4e051b0c5fd:ee71196c-ecdf-42cb-8dda-ea0abb53b60c
[I 2025-07-28 16:18:14.161 ServerApp] Connecting to kernel 8de617ec-e990-4bba-b98f-b4e051b0c5fd.
[W 2025-07-28 16:18:14.167 ServerApp] 
[W 2025-07-28 16:18:14.168 ServerApp] 
[W 2025-07-28 16:18:14.169 ServerApp] 
[W 2025-07-28 16:18:14.170 ServerApp] 
[W 2025-07-28 16:18:15.070 ServerApp] 
[W 2025-07-28 16:18:15.071 ServerApp] 
[W 2025-07-28 16:21:14.162 ServerApp] WebSocket ping timeout after 117006 ms.
[I 2025-07-28 16:21:19.164 ServerApp] Starting buffering for 8de617ec-e990-4bba-b98f-b4e051b0c5fd:ee71196c-ecdf-42cb-8dda-ea0abb53b60c
[I 2025-07-28 17:46:53.104 ServerApp] 302 GET / (@172.184.198.167) 0.38ms
[I 2025-07-28 17:46:53.178 LabApp] 302 GET /lab? (@172.184.198.167) 0.55ms
[I 2025-07-28 17:46:53.405 ServerApp] 302 GET / (@172.184.198.167) 0.35ms
[I 2025-07-28 17:46:53.479 LabApp] 302 GET /lab? (@172.184.198.167) 0.51ms
[I 2025-07-28 18:04:33.835 ServerApp] Connecting to kernel 8de617ec-e990-4bba-b98f-b4e051b0c5fd.
[I 2025-07-28 18:04:33.835 ServerApp] Restoring connection for 8de617ec-e990-4bba-b98f-b4e051b0c5fd:ee71196c-ecdf-42cb-8dda-ea0abb53b60c
[W 2025-07-28 18:07:03.837 ServerApp] WebSocket ping timeout after 119529 ms.
[I 2025-07-28 18:07:08.839 ServerApp] Starting buffering for 8de617ec-e990-4bba-b98f-b4e051b0c5fd:ee71196c-ecdf-42cb-8dda-ea0abb53b60c
[I 2025-07-28 18:19:36.144 ServerApp] 302 GET / (@198.235.24.218) 0.40ms
[I 2025-07-28 18:19:36.313 LabApp] 302 GET /lab? (@198.235.24.218) 0.53ms
[I 2025-07-28 19:49:07.703 ServerApp] Connecting to kernel 8de617ec-e990-4bba-b98f-b4e051b0c5fd.
[I 2025-07-28 19:49:07.703 ServerApp] Restoring connection for 8de617ec-e990-4bba-b98f-b4e051b0c5fd:ee71196c-ecdf-42cb-8dda-ea0abb53b60c
[W 2025-07-28 19:54:07.704 ServerApp] WebSocket ping timeout after 119523 ms.
[I 2025-07-28 19:54:12.706 ServerApp] Starting buffering for 8de617ec-e990-4bba-b98f-b4e051b0c5fd:ee71196c-ecdf-42cb-8dda-ea0abb53b60c
[I 2025-07-28 21:26:05.663 ServerApp] Connecting to kernel 8de617ec-e990-4bba-b98f-b4e051b0c5fd.
[I 2025-07-28 21:26:05.663 ServerApp] Restoring connection for 8de617ec-e990-4bba-b98f-b4e051b0c5fd:ee71196c-ecdf-42cb-8dda-ea0abb53b60c
[W 2025-07-28 21:27:35.665 ServerApp] WebSocket ping timeout after 90002 ms.
[I 2025-07-28 21:27:40.667 ServerApp] Starting buffering for 8de617ec-e990-4bba-b98f-b4e051b0c5fd:ee71196c-ecdf-42cb-8dda-ea0abb53b60c
[I 2025-07-28 23:05:32.403 ServerApp] 302 GET / (@45.142.154.88) 0.39ms
[I 2025-07-28 23:05:41.639 ServerApp] 302 GET / (@101.36.118.228) 0.36ms
[I 2025-07-28 23:05:42.072 LabApp] 302 GET /lab? (@101.36.118.228) 0.54ms
[I 2025-07-28 23:13:54.424 ServerApp] Connecting to kernel 8de617ec-e990-4bba-b98f-b4e051b0c5fd.
[I 2025-07-28 23:13:54.424 ServerApp] Restoring connection for 8de617ec-e990-4bba-b98f-b4e051b0c5fd:ee71196c-ecdf-42cb-8dda-ea0abb53b60c
[W 2025-07-28 23:15:24.425 ServerApp] WebSocket ping timeout after 90001 ms.
[I 2025-07-28 23:15:29.428 ServerApp] Starting buffering for 8de617ec-e990-4bba-b98f-b4e051b0c5fd:ee71196c-ecdf-42cb-8dda-ea0abb53b60c
[I 2025-07-28 23:15:54.273 ServerApp] 302 GET / (@167.94.146.62) 0.39ms
[I 2025-07-28 23:16:05.469 ServerApp] 302 GET / (@167.94.146.62) 0.36ms
[I 2025-07-28 23:16:06.267 ServerApp] Malformed HTTP message from 167.94.146.62: Unexpected HTTP version 'HTTP/2.0'
[I 2025-07-28 23:16:10.376 LabApp] 302 GET /lab (@167.94.146.62) 0.49ms
[I 2025-07-28 23:16:10.729 ServerApp] Malformed HTTP message from 167.94.146.62: Unexpected HTTP version 'HTTP/2.0'
[I 2025-07-28 23:16:15.866 ServerApp] Malformed HTTP message from 167.94.146.62: Unexpected HTTP version 'HTTP/2.0'
[W 2025-07-28 23:16:39.173 ServerApp] 404 GET /sitemap.xml (@167.94.146.62) 1.13ms referer=None
[I 2025-07-29 01:07:33.099 ServerApp] Connecting to kernel 8de617ec-e990-4bba-b98f-b4e051b0c5fd.
[I 2025-07-29 01:07:33.099 ServerApp] Restoring connection for 8de617ec-e990-4bba-b98f-b4e051b0c5fd:ee71196c-ecdf-42cb-8dda-ea0abb53b60c
[W 2025-07-29 01:09:03.101 ServerApp] WebSocket ping timeout after 90001 ms.
[I 2025-07-29 01:09:08.103 ServerApp] Starting buffering for 8de617ec-e990-4bba-b98f-b4e051b0c5fd:ee71196c-ecdf-42cb-8dda-ea0abb53b60c
[I 2025-07-29 01:10:19.597 ServerApp] 302 GET / (@205.210.31.13) 0.38ms
[I 2025-07-29 01:10:19.684 LabApp] 302 GET /lab? (@205.210.31.13) 0.49ms
[I 2025-07-29 02:41:41.036 ServerApp] Connecting to kernel 8de617ec-e990-4bba-b98f-b4e051b0c5fd.
[I 2025-07-29 02:41:41.036 ServerApp] Restoring connection for 8de617ec-e990-4bba-b98f-b4e051b0c5fd:ee71196c-ecdf-42cb-8dda-ea0abb53b60c
[W 2025-07-29 02:43:11.037 ServerApp] WebSocket ping timeout after 90001 ms.
[I 2025-07-29 02:43:16.040 ServerApp] Starting buffering for 8de617ec-e990-4bba-b98f-b4e051b0c5fd:ee71196c-ecdf-42cb-8dda-ea0abb53b60c
[I 2025-07-29 04:08:31.786 ServerApp] Connecting to kernel 8de617ec-e990-4bba-b98f-b4e051b0c5fd.
[I 2025-07-29 04:08:31.786 ServerApp] Restoring connection for 8de617ec-e990-4bba-b98f-b4e051b0c5fd:ee71196c-ecdf-42cb-8dda-ea0abb53b60c
[W 2025-07-29 04:10:01.787 ServerApp] WebSocket ping timeout after 90000 ms.
[I 2025-07-29 04:10:06.789 ServerApp] Starting buffering for 8de617ec-e990-4bba-b98f-b4e051b0c5fd:ee71196c-ecdf-42cb-8dda-ea0abb53b60c
[I 2025-07-29 06:03:56.924 ServerApp] Connecting to kernel 8de617ec-e990-4bba-b98f-b4e051b0c5fd.
[I 2025-07-29 06:03:56.924 ServerApp] Restoring connection for 8de617ec-e990-4bba-b98f-b4e051b0c5fd:ee71196c-ecdf-42cb-8dda-ea0abb53b60c
[W 2025-07-29 06:06:56.926 ServerApp] WebSocket ping timeout after 117100 ms.
[I 2025-07-29 06:07:01.928 ServerApp] Starting buffering for 8de617ec-e990-4bba-b98f-b4e051b0c5fd:ee71196c-ecdf-42cb-8dda-ea0abb53b60c
[I 2025-07-29 07:40:44.436 ServerApp] 302 GET / (@87.236.176.66) 0.46ms
[I 2025-07-29 07:40:44.610 LabApp] 302 GET /lab? (@87.236.176.66) 0.57ms
[I 2025-07-29 07:48:58.220 ServerApp] Connecting to kernel 8de617ec-e990-4bba-b98f-b4e051b0c5fd.
[I 2025-07-29 07:48:58.220 ServerApp] Restoring connection for 8de617ec-e990-4bba-b98f-b4e051b0c5fd:ee71196c-ecdf-42cb-8dda-ea0abb53b60c
[W 2025-07-29 07:51:58.221 ServerApp] WebSocket ping timeout after 116521 ms.
[I 2025-07-29 07:52:03.223 ServerApp] Starting buffering for 8de617ec-e990-4bba-b98f-b4e051b0c5fd:ee71196c-ecdf-42cb-8dda-ea0abb53b60c
[I 2025-07-29 14:21:29.338 ServerApp] Saving file at /graphs/n3/prompts.py
[I 2025-07-29 14:55:35.918 ServerApp] Saving file at /graphs/n3/prompts.py
[I 2025-07-29 15:01:40.721 ServerApp] Saving file at /graphs/n3/prompts.py
[I 2025-07-29 15:03:44.451 ServerApp] Saving file at /graphs/n3/prompts.py
[I 2025-07-29 15:05:49.723 ServerApp] Saving file at /graphs/n3/prompts.py
[I 2025-07-29 15:09:56.061 ServerApp] Saving file at /graphs/n3/prompts.py
[I 2025-07-29 15:13:59.258 ServerApp] Saving file at /graphs/n3/prompts.py
[I 2025-07-29 15:18:04.311 ServerApp] Saving file at /graphs/n3/prompts.py
[W 2025-07-29 15:18:26.672 LabApp] Could not determine jupyterlab build status without nodejs
[I 2025-07-29 15:18:29.289 ServerApp] Connecting to kernel 8de617ec-e990-4bba-b98f-b4e051b0c5fd.
[I 2025-07-29 15:18:31.235 ServerApp] Starting buffering for 8de617ec-e990-4bba-b98f-b4e051b0c5fd:1cc6d3b0-6478-41da-b122-cb92978c2f73
[I 2025-07-29 15:18:35.674 ServerApp] Connecting to kernel 79e5653d-13e0-412b-83a9-ce0878c0c151.
[I 2025-07-29 15:18:37.489 ServerApp] Starting buffering for 79e5653d-13e0-412b-83a9-ce0878c0c151:a746779a-b3ca-4a43-bd06-701ec95713c6
[I 2025-07-29 15:18:39.771 ServerApp] Connecting to kernel 8de617ec-e990-4bba-b98f-b4e051b0c5fd.
[I 2025-07-29 15:19:13.850 ServerApp] Kernel restarted: 8de617ec-e990-4bba-b98f-b4e051b0c5fd
[I 2025-07-29 15:19:14.436 ServerApp] Starting buffering for 8de617ec-e990-4bba-b98f-b4e051b0c5fd:7fe7764d-ea40-46de-ab60-8d851374aa65
[I 2025-07-29 15:19:15.266 ServerApp] Connecting to kernel 8de617ec-e990-4bba-b98f-b4e051b0c5fd.
[I 2025-07-29 15:19:15.266 ServerApp] Restoring connection for 8de617ec-e990-4bba-b98f-b4e051b0c5fd:7fe7764d-ea40-46de-ab60-8d851374aa65
[I 2025-07-29 15:19:15.273 ServerApp] Replaying 3 buffered messages
[I 2025-07-29 15:19:30.174 ServerApp] Kernel restarted: 8de617ec-e990-4bba-b98f-b4e051b0c5fd
[I 2025-07-29 15:19:30.684 ServerApp] Starting buffering for 8de617ec-e990-4bba-b98f-b4e051b0c5fd:7fe7764d-ea40-46de-ab60-8d851374aa65
[I 2025-07-29 15:19:32.447 ServerApp] Connecting to kernel 8de617ec-e990-4bba-b98f-b4e051b0c5fd.
[I 2025-07-29 15:19:32.447 ServerApp] Restoring connection for 8de617ec-e990-4bba-b98f-b4e051b0c5fd:7fe7764d-ea40-46de-ab60-8d851374aa65
[I 2025-07-29 15:19:32.453 ServerApp] Replaying 2 buffered messages
[I 2025-07-29 15:20:37.073 ServerApp] Saving file at /debug_n3.ipynb
[I 2025-07-29 15:20:41.362 ServerApp] Saving file at /graphs/n3/prompts.py
[I 2025-07-29 15:25:03.611 ServerApp] Kernel restarted: 8de617ec-e990-4bba-b98f-b4e051b0c5fd
[I 2025-07-29 15:25:04.105 ServerApp] Starting buffering for 8de617ec-e990-4bba-b98f-b4e051b0c5fd:7fe7764d-ea40-46de-ab60-8d851374aa65
[I 2025-07-29 15:25:04.998 ServerApp] Connecting to kernel 8de617ec-e990-4bba-b98f-b4e051b0c5fd.
[I 2025-07-29 15:25:04.998 ServerApp] Restoring connection for 8de617ec-e990-4bba-b98f-b4e051b0c5fd:7fe7764d-ea40-46de-ab60-8d851374aa65
[I 2025-07-29 15:25:05.006 ServerApp] Replaying 3 buffered messages
[I 2025-07-29 15:26:39.293 ServerApp] Saving file at /debug_n3.ipynb
[I 2025-07-29 15:31:39.629 ServerApp] Kernel restarted: 8de617ec-e990-4bba-b98f-b4e051b0c5fd
[I 2025-07-29 15:31:40.127 ServerApp] Starting buffering for 8de617ec-e990-4bba-b98f-b4e051b0c5fd:7fe7764d-ea40-46de-ab60-8d851374aa65
[I 2025-07-29 15:31:40.913 ServerApp] Connecting to kernel 8de617ec-e990-4bba-b98f-b4e051b0c5fd.
[I 2025-07-29 15:31:40.913 ServerApp] Restoring connection for 8de617ec-e990-4bba-b98f-b4e051b0c5fd:7fe7764d-ea40-46de-ab60-8d851374aa65
[I 2025-07-29 15:31:40.921 ServerApp] Replaying 3 buffered messages
[W 2025-07-29 15:32:30.656 ServerApp] Replacing stale connection: 8de617ec-e990-4bba-b98f-b4e051b0c5fd:7fe7764d-ea40-46de-ab60-8d851374aa65
[I 2025-07-29 15:32:30.657 ServerApp] Connecting to kernel 8de617ec-e990-4bba-b98f-b4e051b0c5fd.
[W 2025-07-29 15:32:30.664 ServerApp] 
[W 2025-07-29 15:32:30.665 ServerApp] 
[W 2025-07-29 15:32:30.667 ServerApp] 
[W 2025-07-29 15:32:30.668 ServerApp] 
[W 2025-07-29 15:32:31.313 ServerApp] 
[W 2025-07-29 15:32:31.315 ServerApp] 
[I 2025-07-29 15:34:44.520 ServerApp] Saving file at /debug_n3.ipynb
[I 2025-07-29 15:43:28.154 ServerApp] Saving file at /graphs/n3/prompts.py
[I 2025-07-29 15:43:28.840 ServerApp] Kernel restarted: 8de617ec-e990-4bba-b98f-b4e051b0c5fd
[I 2025-07-29 15:43:29.270 ServerApp] Starting buffering for 8de617ec-e990-4bba-b98f-b4e051b0c5fd:7fe7764d-ea40-46de-ab60-8d851374aa65
[I 2025-07-29 15:43:29.819 ServerApp] Connecting to kernel 8de617ec-e990-4bba-b98f-b4e051b0c5fd.
[I 2025-07-29 15:43:29.819 ServerApp] Restoring connection for 8de617ec-e990-4bba-b98f-b4e051b0c5fd:7fe7764d-ea40-46de-ab60-8d851374aa65
[I 2025-07-29 15:43:29.827 ServerApp] Replaying 3 buffered messages
[I 2025-07-29 15:43:41.824 ServerApp] Kernel restarted: 8de617ec-e990-4bba-b98f-b4e051b0c5fd
[I 2025-07-29 15:43:42.608 ServerApp] Starting buffering for 8de617ec-e990-4bba-b98f-b4e051b0c5fd:7fe7764d-ea40-46de-ab60-8d851374aa65
[I 2025-07-29 15:43:43.129 ServerApp] Connecting to kernel 8de617ec-e990-4bba-b98f-b4e051b0c5fd.
[I 2025-07-29 15:43:43.129 ServerApp] Restoring connection for 8de617ec-e990-4bba-b98f-b4e051b0c5fd:7fe7764d-ea40-46de-ab60-8d851374aa65
[I 2025-07-29 15:44:49.662 ServerApp] Saving file at /debug_n3.ipynb
[I 2025-07-29 15:51:29.883 ServerApp] Saving file at /graphs/n3/prompts.py
[I 2025-07-29 15:51:50.608 ServerApp] Kernel restarted: 8de617ec-e990-4bba-b98f-b4e051b0c5fd
[I 2025-07-29 15:51:51.030 ServerApp] Starting buffering for 8de617ec-e990-4bba-b98f-b4e051b0c5fd:7fe7764d-ea40-46de-ab60-8d851374aa65
[I 2025-07-29 15:51:51.556 ServerApp] Connecting to kernel 8de617ec-e990-4bba-b98f-b4e051b0c5fd.
[I 2025-07-29 15:51:51.556 ServerApp] Restoring connection for 8de617ec-e990-4bba-b98f-b4e051b0c5fd:7fe7764d-ea40-46de-ab60-8d851374aa65
[I 2025-07-29 15:52:03.238 ServerApp] Kernel restarted: 8de617ec-e990-4bba-b98f-b4e051b0c5fd
[I 2025-07-29 15:52:03.666 ServerApp] Starting buffering for 8de617ec-e990-4bba-b98f-b4e051b0c5fd:7fe7764d-ea40-46de-ab60-8d851374aa65
[I 2025-07-29 15:52:04.198 ServerApp] Connecting to kernel 8de617ec-e990-4bba-b98f-b4e051b0c5fd.
[I 2025-07-29 15:52:04.198 ServerApp] Restoring connection for 8de617ec-e990-4bba-b98f-b4e051b0c5fd:7fe7764d-ea40-46de-ab60-8d851374aa65
[I 2025-07-29 15:52:04.205 ServerApp] Replaying 7 buffered messages
[I 2025-07-29 15:52:51.336 ServerApp] Saving file at /debug_n3.ipynb
[I 2025-07-29 15:53:32.085 ServerApp] Saving file at /graphs/n3/prompts.py
[I 2025-07-29 15:56:00.957 ServerApp] Kernel restarted: 8de617ec-e990-4bba-b98f-b4e051b0c5fd
[I 2025-07-29 15:56:01.375 ServerApp] Starting buffering for 8de617ec-e990-4bba-b98f-b4e051b0c5fd:7fe7764d-ea40-46de-ab60-8d851374aa65
[I 2025-07-29 15:56:01.957 ServerApp] Connecting to kernel 8de617ec-e990-4bba-b98f-b4e051b0c5fd.
[I 2025-07-29 15:56:01.957 ServerApp] Restoring connection for 8de617ec-e990-4bba-b98f-b4e051b0c5fd:7fe7764d-ea40-46de-ab60-8d851374aa65
[I 2025-07-29 15:56:01.965 ServerApp] Replaying 2 buffered messages
[I 2025-07-29 15:56:54.002 ServerApp] Saving file at /debug_n3.ipynb
[I 2025-07-29 15:57:54.478 ServerApp] Kernel restarted: 8de617ec-e990-4bba-b98f-b4e051b0c5fd
[I 2025-07-29 15:57:54.896 ServerApp] Starting buffering for 8de617ec-e990-4bba-b98f-b4e051b0c5fd:7fe7764d-ea40-46de-ab60-8d851374aa65
[I 2025-07-29 15:57:55.402 ServerApp] Connecting to kernel 8de617ec-e990-4bba-b98f-b4e051b0c5fd.
[I 2025-07-29 15:57:55.402 ServerApp] Restoring connection for 8de617ec-e990-4bba-b98f-b4e051b0c5fd:7fe7764d-ea40-46de-ab60-8d851374aa65
[I 2025-07-29 15:58:05.525 ServerApp] Kernel restarted: 8de617ec-e990-4bba-b98f-b4e051b0c5fd
[I 2025-07-29 15:58:05.945 ServerApp] Starting buffering for 8de617ec-e990-4bba-b98f-b4e051b0c5fd:7fe7764d-ea40-46de-ab60-8d851374aa65
[I 2025-07-29 15:58:07.306 ServerApp] Connecting to kernel 8de617ec-e990-4bba-b98f-b4e051b0c5fd.
[I 2025-07-29 15:58:07.307 ServerApp] Restoring connection for 8de617ec-e990-4bba-b98f-b4e051b0c5fd:7fe7764d-ea40-46de-ab60-8d851374aa65
[I 2025-07-29 15:58:55.599 ServerApp] Saving file at /debug_n3.ipynb
[I 2025-07-29 15:59:34.793 ServerApp] Saving file at /graphs/n3/prompts.py
[I 2025-07-29 16:00:08.980 ServerApp] Kernel restarted: 8de617ec-e990-4bba-b98f-b4e051b0c5fd
[I 2025-07-29 16:00:09.418 ServerApp] Starting buffering for 8de617ec-e990-4bba-b98f-b4e051b0c5fd:7fe7764d-ea40-46de-ab60-8d851374aa65
[I 2025-07-29 16:00:10.442 ServerApp] Connecting to kernel 8de617ec-e990-4bba-b98f-b4e051b0c5fd.
[I 2025-07-29 16:00:10.443 ServerApp] Restoring connection for 8de617ec-e990-4bba-b98f-b4e051b0c5fd:7fe7764d-ea40-46de-ab60-8d851374aa65
[I 2025-07-29 16:00:10.451 ServerApp] Replaying 7 buffered messages
[I 2025-07-29 16:00:21.902 ServerApp] Kernel restarted: 8de617ec-e990-4bba-b98f-b4e051b0c5fd
[I 2025-07-29 16:00:22.338 ServerApp] Starting buffering for 8de617ec-e990-4bba-b98f-b4e051b0c5fd:7fe7764d-ea40-46de-ab60-8d851374aa65
[I 2025-07-29 16:00:22.988 ServerApp] Connecting to kernel 8de617ec-e990-4bba-b98f-b4e051b0c5fd.
[I 2025-07-29 16:00:22.988 ServerApp] Restoring connection for 8de617ec-e990-4bba-b98f-b4e051b0c5fd:7fe7764d-ea40-46de-ab60-8d851374aa65
[I 2025-07-29 16:00:22.996 ServerApp] Replaying 7 buffered messages
[I 2025-07-29 16:00:57.939 ServerApp] Saving file at /debug_n3.ipynb
[I 2025-07-29 16:01:37.286 ServerApp] Saving file at /graphs/n3/prompts.py
[I 2025-07-29 16:02:07.853 ServerApp] Kernel restarted: 8de617ec-e990-4bba-b98f-b4e051b0c5fd
[I 2025-07-29 16:02:08.275 ServerApp] Starting buffering for 8de617ec-e990-4bba-b98f-b4e051b0c5fd:7fe7764d-ea40-46de-ab60-8d851374aa65
[I 2025-07-29 16:02:08.786 ServerApp] Connecting to kernel 8de617ec-e990-4bba-b98f-b4e051b0c5fd.
[I 2025-07-29 16:02:08.786 ServerApp] Restoring connection for 8de617ec-e990-4bba-b98f-b4e051b0c5fd:7fe7764d-ea40-46de-ab60-8d851374aa65
[I 2025-07-29 16:02:59.605 ServerApp] Saving file at /debug_n3.ipynb
[I 2025-07-29 16:07:39.032 ServerApp] Saving file at /graphs/n3/prompts.py
[I 2025-07-29 16:07:41.221 ServerApp] Kernel restarted: 8de617ec-e990-4bba-b98f-b4e051b0c5fd
[I 2025-07-29 16:07:41.652 ServerApp] Starting buffering for 8de617ec-e990-4bba-b98f-b4e051b0c5fd:7fe7764d-ea40-46de-ab60-8d851374aa65
[I 2025-07-29 16:07:42.148 ServerApp] Connecting to kernel 8de617ec-e990-4bba-b98f-b4e051b0c5fd.
[I 2025-07-29 16:07:42.148 ServerApp] Restoring connection for 8de617ec-e990-4bba-b98f-b4e051b0c5fd:7fe7764d-ea40-46de-ab60-8d851374aa65
[I 2025-07-29 16:07:42.155 ServerApp] Replaying 3 buffered messages
[I 2025-07-29 16:07:49.774 ServerApp] Kernel restarted: 8de617ec-e990-4bba-b98f-b4e051b0c5fd
[I 2025-07-29 16:07:50.196 ServerApp] Starting buffering for 8de617ec-e990-4bba-b98f-b4e051b0c5fd:7fe7764d-ea40-46de-ab60-8d851374aa65
[I 2025-07-29 16:07:50.790 ServerApp] Connecting to kernel 8de617ec-e990-4bba-b98f-b4e051b0c5fd.
[I 2025-07-29 16:07:50.790 ServerApp] Restoring connection for 8de617ec-e990-4bba-b98f-b4e051b0c5fd:7fe7764d-ea40-46de-ab60-8d851374aa65
[I 2025-07-29 16:08:01.122 ServerApp] Kernel restarted: 8de617ec-e990-4bba-b98f-b4e051b0c5fd
[I 2025-07-29 16:08:01.540 ServerApp] Starting buffering for 8de617ec-e990-4bba-b98f-b4e051b0c5fd:7fe7764d-ea40-46de-ab60-8d851374aa65
[I 2025-07-29 16:08:02.155 ServerApp] Connecting to kernel 8de617ec-e990-4bba-b98f-b4e051b0c5fd.
[I 2025-07-29 16:08:02.155 ServerApp] Restoring connection for 8de617ec-e990-4bba-b98f-b4e051b0c5fd:7fe7764d-ea40-46de-ab60-8d851374aa65
[I 2025-07-29 16:08:58.690 ServerApp] Kernel restarted: 8de617ec-e990-4bba-b98f-b4e051b0c5fd
[I 2025-07-29 16:08:59.115 ServerApp] Starting buffering for 8de617ec-e990-4bba-b98f-b4e051b0c5fd:7fe7764d-ea40-46de-ab60-8d851374aa65
[I 2025-07-29 16:08:59.607 ServerApp] Connecting to kernel 8de617ec-e990-4bba-b98f-b4e051b0c5fd.
[I 2025-07-29 16:08:59.607 ServerApp] Restoring connection for 8de617ec-e990-4bba-b98f-b4e051b0c5fd:7fe7764d-ea40-46de-ab60-8d851374aa65
[I 2025-07-29 16:09:02.290 ServerApp] Saving file at /debug_n3.ipynb
[I 2025-07-29 16:11:04.401 ServerApp] Saving file at /debug_n3.ipynb
[I 2025-07-29 16:11:41.386 ServerApp] Saving file at /graphs/n3/prompts.py
[I 2025-07-29 16:11:45.237 ServerApp] Kernel restarted: 8de617ec-e990-4bba-b98f-b4e051b0c5fd
[I 2025-07-29 16:11:45.661 ServerApp] Starting buffering for 8de617ec-e990-4bba-b98f-b4e051b0c5fd:7fe7764d-ea40-46de-ab60-8d851374aa65
[I 2025-07-29 16:11:46.661 ServerApp] Connecting to kernel 8de617ec-e990-4bba-b98f-b4e051b0c5fd.
[I 2025-07-29 16:11:46.661 ServerApp] Restoring connection for 8de617ec-e990-4bba-b98f-b4e051b0c5fd:7fe7764d-ea40-46de-ab60-8d851374aa65
[I 2025-07-29 16:11:55.787 ServerApp] Kernel restarted: 8de617ec-e990-4bba-b98f-b4e051b0c5fd
[I 2025-07-29 16:11:56.216 ServerApp] Starting buffering for 8de617ec-e990-4bba-b98f-b4e051b0c5fd:7fe7764d-ea40-46de-ab60-8d851374aa65
[I 2025-07-29 16:11:56.867 ServerApp] Connecting to kernel 8de617ec-e990-4bba-b98f-b4e051b0c5fd.
[I 2025-07-29 16:11:56.867 ServerApp] Restoring connection for 8de617ec-e990-4bba-b98f-b4e051b0c5fd:7fe7764d-ea40-46de-ab60-8d851374aa65
[I 2025-07-29 16:13:02.083 ServerApp] Kernel restarted: 8de617ec-e990-4bba-b98f-b4e051b0c5fd
[I 2025-07-29 16:13:02.595 ServerApp] Starting buffering for 8de617ec-e990-4bba-b98f-b4e051b0c5fd:7fe7764d-ea40-46de-ab60-8d851374aa65
[I 2025-07-29 16:13:03.125 ServerApp] Connecting to kernel 8de617ec-e990-4bba-b98f-b4e051b0c5fd.
[I 2025-07-29 16:13:03.125 ServerApp] Restoring connection for 8de617ec-e990-4bba-b98f-b4e051b0c5fd:7fe7764d-ea40-46de-ab60-8d851374aa65
[I 2025-07-29 16:13:03.134 ServerApp] Replaying 3 buffered messages
[I 2025-07-29 16:13:06.901 ServerApp] Saving file at /debug_n3.ipynb
[I 2025-07-29 16:15:09.325 ServerApp] Saving file at /debug_n3.ipynb
[I 2025-07-29 16:15:43.647 ServerApp] Saving file at /graphs/n3/prompts.py
[I 2025-07-29 16:17:46.512 ServerApp] Saving file at /graphs/n3/prompts.py
[I 2025-07-29 16:19:48.368 ServerApp] Saving file at /graphs/n3/prompts.py
[I 2025-07-29 16:21:50.226 ServerApp] Saving file at /graphs/n3/prompts.py
[I 2025-07-29 16:23:52.991 ServerApp] Saving file at /graphs/n3/prompts.py
[I 2025-07-29 16:25:55.484 ServerApp] Saving file at /graphs/n3/prompts.py
[I 2025-07-29 16:26:30.872 ServerApp] Kernel restarted: 8de617ec-e990-4bba-b98f-b4e051b0c5fd
[I 2025-07-29 16:26:31.669 ServerApp] Starting buffering for 8de617ec-e990-4bba-b98f-b4e051b0c5fd:7fe7764d-ea40-46de-ab60-8d851374aa65
[I 2025-07-29 16:26:32.259 ServerApp] Connecting to kernel 8de617ec-e990-4bba-b98f-b4e051b0c5fd.
[I 2025-07-29 16:26:32.259 ServerApp] Restoring connection for 8de617ec-e990-4bba-b98f-b4e051b0c5fd:7fe7764d-ea40-46de-ab60-8d851374aa65
[I 2025-07-29 16:26:42.321 ServerApp] Kernel restarted: 8de617ec-e990-4bba-b98f-b4e051b0c5fd
[I 2025-07-29 16:26:42.718 ServerApp] Starting buffering for 8de617ec-e990-4bba-b98f-b4e051b0c5fd:7fe7764d-ea40-46de-ab60-8d851374aa65
[I 2025-07-29 16:26:43.246 ServerApp] Connecting to kernel 8de617ec-e990-4bba-b98f-b4e051b0c5fd.
[I 2025-07-29 16:26:43.246 ServerApp] Restoring connection for 8de617ec-e990-4bba-b98f-b4e051b0c5fd:7fe7764d-ea40-46de-ab60-8d851374aa65
[I 2025-07-29 16:26:43.253 ServerApp] Replaying 3 buffered messages
[I 2025-07-29 16:27:11.557 ServerApp] Saving file at /debug_n3.ipynb
[I 2025-07-29 16:27:57.826 ServerApp] Saving file at /graphs/n3/prompts.py
[I 2025-07-29 16:29:13.956 ServerApp] Saving file at /debug_n3.ipynb
[I 2025-07-29 16:29:59.574 ServerApp] Saving file at /graphs/n3/prompts.py
[I 2025-07-29 16:30:35.037 ServerApp] Kernel restarted: 8de617ec-e990-4bba-b98f-b4e051b0c5fd
[I 2025-07-29 16:30:35.463 ServerApp] Starting buffering for 8de617ec-e990-4bba-b98f-b4e051b0c5fd:7fe7764d-ea40-46de-ab60-8d851374aa65
[I 2025-07-29 16:30:35.975 ServerApp] Connecting to kernel 8de617ec-e990-4bba-b98f-b4e051b0c5fd.
[I 2025-07-29 16:30:35.975 ServerApp] Restoring connection for 8de617ec-e990-4bba-b98f-b4e051b0c5fd:7fe7764d-ea40-46de-ab60-8d851374aa65
[I 2025-07-29 16:30:35.981 ServerApp] Replaying 3 buffered messages
[I 2025-07-29 16:30:45.762 ServerApp] Kernel restarted: 8de617ec-e990-4bba-b98f-b4e051b0c5fd
[I 2025-07-29 16:30:46.178 ServerApp] Starting buffering for 8de617ec-e990-4bba-b98f-b4e051b0c5fd:7fe7764d-ea40-46de-ab60-8d851374aa65
[I 2025-07-29 16:30:46.805 ServerApp] Connecting to kernel 8de617ec-e990-4bba-b98f-b4e051b0c5fd.
[I 2025-07-29 16:30:46.806 ServerApp] Restoring connection for 8de617ec-e990-4bba-b98f-b4e051b0c5fd:7fe7764d-ea40-46de-ab60-8d851374aa65
[I 2025-07-29 16:31:15.548 ServerApp] Saving file at /debug_n3.ipynb
[I 2025-07-29 16:32:01.600 ServerApp] Saving file at /graphs/n3/prompts.py
[I 2025-07-29 16:33:17.246 ServerApp] Saving file at /debug_n3.ipynb
[I 2025-07-29 16:34:03.832 ServerApp] Saving file at /graphs/n3/prompts.py
[I 2025-07-29 16:36:06.616 ServerApp] Saving file at /graphs/n3/prompts.py
[I 2025-07-29 16:36:13.409 ServerApp] Kernel restarted: 8de617ec-e990-4bba-b98f-b4e051b0c5fd
[I 2025-07-29 16:36:13.864 ServerApp] Starting buffering for 8de617ec-e990-4bba-b98f-b4e051b0c5fd:7fe7764d-ea40-46de-ab60-8d851374aa65
[I 2025-07-29 16:36:14.404 ServerApp] Connecting to kernel 8de617ec-e990-4bba-b98f-b4e051b0c5fd.
[I 2025-07-29 16:36:14.404 ServerApp] Restoring connection for 8de617ec-e990-4bba-b98f-b4e051b0c5fd:7fe7764d-ea40-46de-ab60-8d851374aa65
[I 2025-07-29 16:36:14.411 ServerApp] Replaying 3 buffered messages
[I 2025-07-29 16:36:22.459 ServerApp] Kernel restarted: 8de617ec-e990-4bba-b98f-b4e051b0c5fd
[I 2025-07-29 16:36:22.892 ServerApp] Starting buffering for 8de617ec-e990-4bba-b98f-b4e051b0c5fd:7fe7764d-ea40-46de-ab60-8d851374aa65
[I 2025-07-29 16:36:23.974 ServerApp] Connecting to kernel 8de617ec-e990-4bba-b98f-b4e051b0c5fd.
[I 2025-07-29 16:36:23.974 ServerApp] Restoring connection for 8de617ec-e990-4bba-b98f-b4e051b0c5fd:7fe7764d-ea40-46de-ab60-8d851374aa65
[I 2025-07-29 16:36:23.983 ServerApp] Replaying 3 buffered messages
[I 2025-07-29 16:37:19.112 ServerApp] Saving file at /debug_n3.ipynb
[I 2025-07-29 16:44:08.429 ServerApp] Saving file at /graphs/n3/prompts.py
[I 2025-07-29 16:44:36.927 ServerApp] Kernel restarted: 8de617ec-e990-4bba-b98f-b4e051b0c5fd
[I 2025-07-29 16:44:37.344 ServerApp] Starting buffering for 8de617ec-e990-4bba-b98f-b4e051b0c5fd:7fe7764d-ea40-46de-ab60-8d851374aa65
[I 2025-07-29 16:44:37.858 ServerApp] Connecting to kernel 8de617ec-e990-4bba-b98f-b4e051b0c5fd.
[I 2025-07-29 16:44:37.858 ServerApp] Restoring connection for 8de617ec-e990-4bba-b98f-b4e051b0c5fd:7fe7764d-ea40-46de-ab60-8d851374aa65
[I 2025-07-29 16:44:37.865 ServerApp] Replaying 3 buffered messages
[I 2025-07-29 16:44:45.689 ServerApp] Kernel restarted: 8de617ec-e990-4bba-b98f-b4e051b0c5fd
[I 2025-07-29 16:44:46.110 ServerApp] Starting buffering for 8de617ec-e990-4bba-b98f-b4e051b0c5fd:7fe7764d-ea40-46de-ab60-8d851374aa65
[I 2025-07-29 16:44:46.624 ServerApp] Connecting to kernel 8de617ec-e990-4bba-b98f-b4e051b0c5fd.
[I 2025-07-29 16:44:46.625 ServerApp] Restoring connection for 8de617ec-e990-4bba-b98f-b4e051b0c5fd:7fe7764d-ea40-46de-ab60-8d851374aa65
[I 2025-07-29 16:44:46.633 ServerApp] Replaying 7 buffered messages
[I 2025-07-29 16:45:21.158 ServerApp] Saving file at /debug_n3.ipynb
[I 2025-07-29 16:46:33.383 ServerApp] Kernel restarted: 8de617ec-e990-4bba-b98f-b4e051b0c5fd
[I 2025-07-29 16:46:33.806 ServerApp] Starting buffering for 8de617ec-e990-4bba-b98f-b4e051b0c5fd:7fe7764d-ea40-46de-ab60-8d851374aa65
[I 2025-07-29 16:46:34.736 ServerApp] Connecting to kernel 8de617ec-e990-4bba-b98f-b4e051b0c5fd.
[I 2025-07-29 16:46:34.736 ServerApp] Restoring connection for 8de617ec-e990-4bba-b98f-b4e051b0c5fd:7fe7764d-ea40-46de-ab60-8d851374aa65
[I 2025-07-29 16:46:34.743 ServerApp] Replaying 3 buffered messages
[I 2025-07-29 16:47:22.730 ServerApp] Saving file at /debug_n3.ipynb
[I 2025-07-29 16:52:10.735 ServerApp] Saving file at /graphs/n3/prompts.py
[I 2025-07-29 16:53:39.398 ServerApp] Kernel restarted: 8de617ec-e990-4bba-b98f-b4e051b0c5fd
[I 2025-07-29 16:53:39.809 ServerApp] Starting buffering for 8de617ec-e990-4bba-b98f-b4e051b0c5fd:7fe7764d-ea40-46de-ab60-8d851374aa65
[I 2025-07-29 16:53:40.336 ServerApp] Connecting to kernel 8de617ec-e990-4bba-b98f-b4e051b0c5fd.
[I 2025-07-29 16:53:40.336 ServerApp] Restoring connection for 8de617ec-e990-4bba-b98f-b4e051b0c5fd:7fe7764d-ea40-46de-ab60-8d851374aa65
[I 2025-07-29 16:53:48.088 ServerApp] Kernel restarted: 8de617ec-e990-4bba-b98f-b4e051b0c5fd
[I 2025-07-29 16:53:48.518 ServerApp] Starting buffering for 8de617ec-e990-4bba-b98f-b4e051b0c5fd:7fe7764d-ea40-46de-ab60-8d851374aa65
[I 2025-07-29 16:53:49.041 ServerApp] Connecting to kernel 8de617ec-e990-4bba-b98f-b4e051b0c5fd.
[I 2025-07-29 16:53:49.041 ServerApp] Restoring connection for 8de617ec-e990-4bba-b98f-b4e051b0c5fd:7fe7764d-ea40-46de-ab60-8d851374aa65
[I 2025-07-29 16:54:12.703 ServerApp] Saving file at /graphs/n3/prompts.py
[I 2025-07-29 16:55:24.885 ServerApp] Saving file at /debug_n3.ipynb
[I 2025-07-29 16:55:42.414 ServerApp] Kernel restarted: 8de617ec-e990-4bba-b98f-b4e051b0c5fd
[I 2025-07-29 16:55:42.853 ServerApp] Starting buffering for 8de617ec-e990-4bba-b98f-b4e051b0c5fd:7fe7764d-ea40-46de-ab60-8d851374aa65
[I 2025-07-29 16:55:43.373 ServerApp] Connecting to kernel 8de617ec-e990-4bba-b98f-b4e051b0c5fd.
[I 2025-07-29 16:55:43.374 ServerApp] Restoring connection for 8de617ec-e990-4bba-b98f-b4e051b0c5fd:7fe7764d-ea40-46de-ab60-8d851374aa65
[I 2025-07-29 16:57:16.437 ServerApp] Kernel restarted: 8de617ec-e990-4bba-b98f-b4e051b0c5fd
[I 2025-07-29 16:57:16.955 ServerApp] Starting buffering for 8de617ec-e990-4bba-b98f-b4e051b0c5fd:7fe7764d-ea40-46de-ab60-8d851374aa65
[I 2025-07-29 16:57:17.579 ServerApp] Connecting to kernel 8de617ec-e990-4bba-b98f-b4e051b0c5fd.
[I 2025-07-29 16:57:17.579 ServerApp] Restoring connection for 8de617ec-e990-4bba-b98f-b4e051b0c5fd:7fe7764d-ea40-46de-ab60-8d851374aa65
[I 2025-07-29 16:57:26.925 ServerApp] Saving file at /debug_n3.ipynb
[I 2025-07-29 16:57:27.047 ServerApp] Kernel restarted: 8de617ec-e990-4bba-b98f-b4e051b0c5fd
[I 2025-07-29 16:57:27.465 ServerApp] Starting buffering for 8de617ec-e990-4bba-b98f-b4e051b0c5fd:7fe7764d-ea40-46de-ab60-8d851374aa65
[I 2025-07-29 16:57:27.967 ServerApp] Connecting to kernel 8de617ec-e990-4bba-b98f-b4e051b0c5fd.
[I 2025-07-29 16:57:27.967 ServerApp] Restoring connection for 8de617ec-e990-4bba-b98f-b4e051b0c5fd:7fe7764d-ea40-46de-ab60-8d851374aa65
[I 2025-07-29 16:58:14.606 ServerApp] Saving file at /graphs/n3/prompts.py
[I 2025-07-29 16:58:33.753 ServerApp] Kernel restarted: 8de617ec-e990-4bba-b98f-b4e051b0c5fd
[I 2025-07-29 16:58:34.171 ServerApp] Starting buffering for 8de617ec-e990-4bba-b98f-b4e051b0c5fd:7fe7764d-ea40-46de-ab60-8d851374aa65
[I 2025-07-29 16:58:34.674 ServerApp] Connecting to kernel 8de617ec-e990-4bba-b98f-b4e051b0c5fd.
[I 2025-07-29 16:58:34.674 ServerApp] Restoring connection for 8de617ec-e990-4bba-b98f-b4e051b0c5fd:7fe7764d-ea40-46de-ab60-8d851374aa65
[I 2025-07-29 16:58:34.682 ServerApp] Replaying 3 buffered messages
[I 2025-07-29 16:59:28.485 ServerApp] Saving file at /debug_n3.ipynb
[I 2025-07-29 17:02:38.059 ServerApp] Kernel restarted: 8de617ec-e990-4bba-b98f-b4e051b0c5fd
[I 2025-07-29 17:02:38.476 ServerApp] Starting buffering for 8de617ec-e990-4bba-b98f-b4e051b0c5fd:7fe7764d-ea40-46de-ab60-8d851374aa65
[I 2025-07-29 17:02:38.973 ServerApp] Connecting to kernel 8de617ec-e990-4bba-b98f-b4e051b0c5fd.
[I 2025-07-29 17:02:38.973 ServerApp] Restoring connection for 8de617ec-e990-4bba-b98f-b4e051b0c5fd:7fe7764d-ea40-46de-ab60-8d851374aa65
[I 2025-07-29 17:02:38.980 ServerApp] Replaying 3 buffered messages
[I 2025-07-29 17:03:31.630 ServerApp] Saving file at /debug_n3.ipynb
[I 2025-07-29 17:06:49.070 ServerApp] Kernel restarted: 8de617ec-e990-4bba-b98f-b4e051b0c5fd
[I 2025-07-29 17:06:49.489 ServerApp] Starting buffering for 8de617ec-e990-4bba-b98f-b4e051b0c5fd:7fe7764d-ea40-46de-ab60-8d851374aa65
[I 2025-07-29 17:06:49.978 ServerApp] Connecting to kernel 8de617ec-e990-4bba-b98f-b4e051b0c5fd.
[I 2025-07-29 17:06:49.978 ServerApp] Restoring connection for 8de617ec-e990-4bba-b98f-b4e051b0c5fd:7fe7764d-ea40-46de-ab60-8d851374aa65
[I 2025-07-29 17:06:49.985 ServerApp] Replaying 3 buffered messages
[I 2025-07-29 17:07:33.961 ServerApp] Saving file at /debug_n3.ipynb
[I 2025-07-29 17:08:16.879 ServerApp] Saving file at /graphs/n3/prompts.py
[I 2025-07-29 17:08:48.026 ServerApp] Kernel restarted: 8de617ec-e990-4bba-b98f-b4e051b0c5fd
[I 2025-07-29 17:08:48.436 ServerApp] Starting buffering for 8de617ec-e990-4bba-b98f-b4e051b0c5fd:7fe7764d-ea40-46de-ab60-8d851374aa65
[I 2025-07-29 17:08:49.000 ServerApp] Connecting to kernel 8de617ec-e990-4bba-b98f-b4e051b0c5fd.
[I 2025-07-29 17:08:49.000 ServerApp] Restoring connection for 8de617ec-e990-4bba-b98f-b4e051b0c5fd:7fe7764d-ea40-46de-ab60-8d851374aa65
[I 2025-07-29 17:08:49.006 ServerApp] Replaying 3 buffered messages
[I 2025-07-29 17:08:56.197 ServerApp] Kernel restarted: 8de617ec-e990-4bba-b98f-b4e051b0c5fd
[I 2025-07-29 17:08:56.618 ServerApp] Starting buffering for 8de617ec-e990-4bba-b98f-b4e051b0c5fd:7fe7764d-ea40-46de-ab60-8d851374aa65
[I 2025-07-29 17:08:57.121 ServerApp] Connecting to kernel 8de617ec-e990-4bba-b98f-b4e051b0c5fd.
[I 2025-07-29 17:08:57.121 ServerApp] Restoring connection for 8de617ec-e990-4bba-b98f-b4e051b0c5fd:7fe7764d-ea40-46de-ab60-8d851374aa65
[I 2025-07-29 17:08:57.128 ServerApp] Replaying 3 buffered messages
[I 2025-07-29 17:09:35.548 ServerApp] Saving file at /debug_n3.ipynb
[I 2025-07-29 17:09:47.238 ServerApp] Kernel restarted: 8de617ec-e990-4bba-b98f-b4e051b0c5fd
[I 2025-07-29 17:09:47.648 ServerApp] Starting buffering for 8de617ec-e990-4bba-b98f-b4e051b0c5fd:7fe7764d-ea40-46de-ab60-8d851374aa65
[I 2025-07-29 17:09:48.147 ServerApp] Connecting to kernel 8de617ec-e990-4bba-b98f-b4e051b0c5fd.
[I 2025-07-29 17:09:48.147 ServerApp] Restoring connection for 8de617ec-e990-4bba-b98f-b4e051b0c5fd:7fe7764d-ea40-46de-ab60-8d851374aa65
[I 2025-07-29 17:09:48.154 ServerApp] Replaying 3 buffered messages
[I 2025-07-29 17:09:59.201 ServerApp] Kernel restarted: 8de617ec-e990-4bba-b98f-b4e051b0c5fd
[I 2025-07-29 17:09:59.615 ServerApp] Starting buffering for 8de617ec-e990-4bba-b98f-b4e051b0c5fd:7fe7764d-ea40-46de-ab60-8d851374aa65
[I 2025-07-29 17:10:00.124 ServerApp] Connecting to kernel 8de617ec-e990-4bba-b98f-b4e051b0c5fd.
[I 2025-07-29 17:10:00.124 ServerApp] Restoring connection for 8de617ec-e990-4bba-b98f-b4e051b0c5fd:7fe7764d-ea40-46de-ab60-8d851374aa65
[I 2025-07-29 17:10:00.132 ServerApp] Replaying 3 buffered messages
[I 2025-07-29 17:10:19.204 ServerApp] Saving file at /graphs/n3/prompts.py
[I 2025-07-29 17:11:36.560 ServerApp] Kernel restarted: 8de617ec-e990-4bba-b98f-b4e051b0c5fd
[I 2025-07-29 17:11:36.987 ServerApp] Starting buffering for 8de617ec-e990-4bba-b98f-b4e051b0c5fd:7fe7764d-ea40-46de-ab60-8d851374aa65
[I 2025-07-29 17:11:37.508 ServerApp] Connecting to kernel 8de617ec-e990-4bba-b98f-b4e051b0c5fd.
[I 2025-07-29 17:11:37.508 ServerApp] Restoring connection for 8de617ec-e990-4bba-b98f-b4e051b0c5fd:7fe7764d-ea40-46de-ab60-8d851374aa65
[I 2025-07-29 17:11:37.672 ServerApp] Saving file at /debug_n3.ipynb
[I 2025-07-29 17:13:39.176 ServerApp] Saving file at /debug_n3.ipynb
[I 2025-07-29 17:14:21.120 ServerApp] Saving file at /graphs/n3/prompts.py
[I 2025-07-29 17:15:49.947 ServerApp] Kernel restarted: 8de617ec-e990-4bba-b98f-b4e051b0c5fd
[I 2025-07-29 17:15:50.384 ServerApp] Starting buffering for 8de617ec-e990-4bba-b98f-b4e051b0c5fd:7fe7764d-ea40-46de-ab60-8d851374aa65
[I 2025-07-29 17:15:50.873 ServerApp] Connecting to kernel 8de617ec-e990-4bba-b98f-b4e051b0c5fd.
[I 2025-07-29 17:15:50.873 ServerApp] Restoring connection for 8de617ec-e990-4bba-b98f-b4e051b0c5fd:7fe7764d-ea40-46de-ab60-8d851374aa65
[I 2025-07-29 17:15:50.881 ServerApp] Replaying 3 buffered messages
[I 2025-07-29 17:15:59.853 ServerApp] Kernel restarted: 8de617ec-e990-4bba-b98f-b4e051b0c5fd
[I 2025-07-29 17:16:00.265 ServerApp] Starting buffering for 8de617ec-e990-4bba-b98f-b4e051b0c5fd:7fe7764d-ea40-46de-ab60-8d851374aa65
[I 2025-07-29 17:16:00.870 ServerApp] Connecting to kernel 8de617ec-e990-4bba-b98f-b4e051b0c5fd.
[I 2025-07-29 17:16:00.870 ServerApp] Restoring connection for 8de617ec-e990-4bba-b98f-b4e051b0c5fd:7fe7764d-ea40-46de-ab60-8d851374aa65
[I 2025-07-29 17:16:00.878 ServerApp] Replaying 3 buffered messages
[I 2025-07-29 17:16:23.523 ServerApp] Saving file at /graphs/n3/prompts.py
[I 2025-07-29 17:17:41.572 ServerApp] Saving file at /debug_n3.ipynb
[I 2025-07-29 17:18:14.166 ServerApp] Kernel restarted: 8de617ec-e990-4bba-b98f-b4e051b0c5fd
[I 2025-07-29 17:18:14.584 ServerApp] Starting buffering for 8de617ec-e990-4bba-b98f-b4e051b0c5fd:7fe7764d-ea40-46de-ab60-8d851374aa65
[I 2025-07-29 17:18:15.094 ServerApp] Connecting to kernel 8de617ec-e990-4bba-b98f-b4e051b0c5fd.
[I 2025-07-29 17:18:15.094 ServerApp] Restoring connection for 8de617ec-e990-4bba-b98f-b4e051b0c5fd:7fe7764d-ea40-46de-ab60-8d851374aa65
[I 2025-07-29 17:19:43.822 ServerApp] Saving file at /debug_n3.ipynb
[I 2025-07-29 17:21:46.559 ServerApp] Kernel restarted: 8de617ec-e990-4bba-b98f-b4e051b0c5fd
[I 2025-07-29 17:21:46.983 ServerApp] Starting buffering for 8de617ec-e990-4bba-b98f-b4e051b0c5fd:7fe7764d-ea40-46de-ab60-8d851374aa65
[I 2025-07-29 17:21:47.579 ServerApp] Connecting to kernel 8de617ec-e990-4bba-b98f-b4e051b0c5fd.
[I 2025-07-29 17:21:47.579 ServerApp] Restoring connection for 8de617ec-e990-4bba-b98f-b4e051b0c5fd:7fe7764d-ea40-46de-ab60-8d851374aa65
[I 2025-07-29 17:21:47.585 ServerApp] Replaying 3 buffered messages
[I 2025-07-29 17:21:53.687 ServerApp] Kernel restarted: 8de617ec-e990-4bba-b98f-b4e051b0c5fd
[I 2025-07-29 17:21:54.123 ServerApp] Starting buffering for 8de617ec-e990-4bba-b98f-b4e051b0c5fd:7fe7764d-ea40-46de-ab60-8d851374aa65
[I 2025-07-29 17:21:54.661 ServerApp] Connecting to kernel 8de617ec-e990-4bba-b98f-b4e051b0c5fd.
[I 2025-07-29 17:21:54.662 ServerApp] Restoring connection for 8de617ec-e990-4bba-b98f-b4e051b0c5fd:7fe7764d-ea40-46de-ab60-8d851374aa65
[I 2025-07-29 17:21:54.669 ServerApp] Replaying 3 buffered messages
[I 2025-07-29 17:22:26.144 ServerApp] Saving file at /graphs/n3/prompts.py
[I 2025-07-29 17:23:46.128 ServerApp] Saving file at /debug_n3.ipynb
[I 2025-07-29 17:26:28.402 ServerApp] Saving file at /graphs/n3/prompts.py
[I 2025-07-29 17:27:36.045 ServerApp] Kernel restarted: 8de617ec-e990-4bba-b98f-b4e051b0c5fd
[I 2025-07-29 17:27:36.493 ServerApp] Starting buffering for 8de617ec-e990-4bba-b98f-b4e051b0c5fd:7fe7764d-ea40-46de-ab60-8d851374aa65
[I 2025-07-29 17:27:37.010 ServerApp] Connecting to kernel 8de617ec-e990-4bba-b98f-b4e051b0c5fd.
[I 2025-07-29 17:27:37.010 ServerApp] Restoring connection for 8de617ec-e990-4bba-b98f-b4e051b0c5fd:7fe7764d-ea40-46de-ab60-8d851374aa65
[I 2025-07-29 17:27:44.491 ServerApp] Kernel restarted: 8de617ec-e990-4bba-b98f-b4e051b0c5fd
[I 2025-07-29 17:27:44.913 ServerApp] Starting buffering for 8de617ec-e990-4bba-b98f-b4e051b0c5fd:7fe7764d-ea40-46de-ab60-8d851374aa65
[I 2025-07-29 17:27:45.409 ServerApp] Connecting to kernel 8de617ec-e990-4bba-b98f-b4e051b0c5fd.
[I 2025-07-29 17:27:45.409 ServerApp] Restoring connection for 8de617ec-e990-4bba-b98f-b4e051b0c5fd:7fe7764d-ea40-46de-ab60-8d851374aa65
[I 2025-07-29 17:27:45.417 ServerApp] Replaying 3 buffered messages
[I 2025-07-29 17:27:47.785 ServerApp] Saving file at /debug_n3.ipynb
[I 2025-07-29 17:28:30.256 ServerApp] Saving file at /graphs/n3/prompts.py
[I 2025-07-29 17:29:28.615 ServerApp] Kernel restarted: 8de617ec-e990-4bba-b98f-b4e051b0c5fd
[I 2025-07-29 17:29:29.033 ServerApp] Starting buffering for 8de617ec-e990-4bba-b98f-b4e051b0c5fd:7fe7764d-ea40-46de-ab60-8d851374aa65
[I 2025-07-29 17:29:29.559 ServerApp] Connecting to kernel 8de617ec-e990-4bba-b98f-b4e051b0c5fd.
[I 2025-07-29 17:29:29.559 ServerApp] Restoring connection for 8de617ec-e990-4bba-b98f-b4e051b0c5fd:7fe7764d-ea40-46de-ab60-8d851374aa65
[I 2025-07-29 17:29:29.568 ServerApp] Replaying 3 buffered messages
[I 2025-07-29 17:29:37.604 ServerApp] Kernel restarted: 8de617ec-e990-4bba-b98f-b4e051b0c5fd
[I 2025-07-29 17:29:38.033 ServerApp] Starting buffering for 8de617ec-e990-4bba-b98f-b4e051b0c5fd:7fe7764d-ea40-46de-ab60-8d851374aa65
[I 2025-07-29 17:29:38.548 ServerApp] Connecting to kernel 8de617ec-e990-4bba-b98f-b4e051b0c5fd.
[I 2025-07-29 17:29:38.548 ServerApp] Restoring connection for 8de617ec-e990-4bba-b98f-b4e051b0c5fd:7fe7764d-ea40-46de-ab60-8d851374aa65
[I 2025-07-29 17:29:38.556 ServerApp] Replaying 3 buffered messages
[I 2025-07-29 17:29:49.892 ServerApp] Saving file at /debug_n3.ipynb
[I 2025-07-29 17:30:32.017 ServerApp] Saving file at /graphs/n3/prompts.py
[I 2025-07-29 17:31:26.547 ServerApp] Kernel restarted: 8de617ec-e990-4bba-b98f-b4e051b0c5fd
[I 2025-07-29 17:31:26.968 ServerApp] Starting buffering for 8de617ec-e990-4bba-b98f-b4e051b0c5fd:7fe7764d-ea40-46de-ab60-8d851374aa65
[I 2025-07-29 17:31:27.494 ServerApp] Connecting to kernel 8de617ec-e990-4bba-b98f-b4e051b0c5fd.
[I 2025-07-29 17:31:27.494 ServerApp] Restoring connection for 8de617ec-e990-4bba-b98f-b4e051b0c5fd:7fe7764d-ea40-46de-ab60-8d851374aa65
[I 2025-07-29 17:31:52.064 ServerApp] Saving file at /debug_n3.ipynb
[I 2025-07-29 17:33:54.053 ServerApp] Saving file at /debug_n3.ipynb
[I 2025-07-29 17:36:50.053 ServerApp] Kernel restarted: 8de617ec-e990-4bba-b98f-b4e051b0c5fd
[I 2025-07-29 17:36:50.476 ServerApp] Starting buffering for 8de617ec-e990-4bba-b98f-b4e051b0c5fd:7fe7764d-ea40-46de-ab60-8d851374aa65
[I 2025-07-29 17:36:50.984 ServerApp] Connecting to kernel 8de617ec-e990-4bba-b98f-b4e051b0c5fd.
[I 2025-07-29 17:36:50.984 ServerApp] Restoring connection for 8de617ec-e990-4bba-b98f-b4e051b0c5fd:7fe7764d-ea40-46de-ab60-8d851374aa65
[I 2025-07-29 17:36:50.992 ServerApp] Replaying 3 buffered messages
[I 2025-07-29 17:37:42.270 ServerApp] Kernel restarted: 8de617ec-e990-4bba-b98f-b4e051b0c5fd
[I 2025-07-29 17:37:42.693 ServerApp] Starting buffering for 8de617ec-e990-4bba-b98f-b4e051b0c5fd:7fe7764d-ea40-46de-ab60-8d851374aa65
[I 2025-07-29 17:37:43.279 ServerApp] Connecting to kernel 8de617ec-e990-4bba-b98f-b4e051b0c5fd.
[I 2025-07-29 17:37:43.279 ServerApp] Restoring connection for 8de617ec-e990-4bba-b98f-b4e051b0c5fd:7fe7764d-ea40-46de-ab60-8d851374aa65
[I 2025-07-29 17:37:55.928 ServerApp] Saving file at /debug_n3.ipynb
[I 2025-07-29 17:39:58.176 ServerApp] Saving file at /debug_n3.ipynb
[I 2025-07-29 17:40:34.852 ServerApp] Saving file at /graphs/n3/prompts.py
[I 2025-07-29 17:40:52.656 ServerApp] Kernel restarted: 8de617ec-e990-4bba-b98f-b4e051b0c5fd
[I 2025-07-29 17:40:53.073 ServerApp] Starting buffering for 8de617ec-e990-4bba-b98f-b4e051b0c5fd:7fe7764d-ea40-46de-ab60-8d851374aa65
[I 2025-07-29 17:40:53.616 ServerApp] Connecting to kernel 8de617ec-e990-4bba-b98f-b4e051b0c5fd.
[I 2025-07-29 17:40:53.616 ServerApp] Restoring connection for 8de617ec-e990-4bba-b98f-b4e051b0c5fd:7fe7764d-ea40-46de-ab60-8d851374aa65
[I 2025-07-29 17:41:02.446 ServerApp] Kernel restarted: 8de617ec-e990-4bba-b98f-b4e051b0c5fd
[I 2025-07-29 17:41:02.870 ServerApp] Starting buffering for 8de617ec-e990-4bba-b98f-b4e051b0c5fd:7fe7764d-ea40-46de-ab60-8d851374aa65
[I 2025-07-29 17:41:03.355 ServerApp] Connecting to kernel 8de617ec-e990-4bba-b98f-b4e051b0c5fd.
[I 2025-07-29 17:41:03.355 ServerApp] Restoring connection for 8de617ec-e990-4bba-b98f-b4e051b0c5fd:7fe7764d-ea40-46de-ab60-8d851374aa65
[I 2025-07-29 17:41:03.363 ServerApp] Replaying 7 buffered messages
[I 2025-07-29 17:42:00.334 ServerApp] Saving file at /debug_n3.ipynb
[I 2025-07-29 17:42:16.791 ServerApp] Kernel restarted: 8de617ec-e990-4bba-b98f-b4e051b0c5fd
[I 2025-07-29 17:42:17.210 ServerApp] Starting buffering for 8de617ec-e990-4bba-b98f-b4e051b0c5fd:7fe7764d-ea40-46de-ab60-8d851374aa65
[I 2025-07-29 17:42:17.708 ServerApp] Connecting to kernel 8de617ec-e990-4bba-b98f-b4e051b0c5fd.
[I 2025-07-29 17:42:17.708 ServerApp] Restoring connection for 8de617ec-e990-4bba-b98f-b4e051b0c5fd:7fe7764d-ea40-46de-ab60-8d851374aa65
[I 2025-07-29 17:42:17.716 ServerApp] Replaying 7 buffered messages
[I 2025-07-29 17:42:37.153 ServerApp] Saving file at /graphs/n3/prompts.py
[I 2025-07-29 17:44:02.427 ServerApp] Saving file at /debug_n3.ipynb
[I 2025-07-29 17:44:38.874 ServerApp] Saving file at /graphs/n3/prompts.py
[I 2025-07-29 17:45:07.449 ServerApp] Kernel restarted: 8de617ec-e990-4bba-b98f-b4e051b0c5fd
[I 2025-07-29 17:45:07.897 ServerApp] Starting buffering for 8de617ec-e990-4bba-b98f-b4e051b0c5fd:7fe7764d-ea40-46de-ab60-8d851374aa65
[I 2025-07-29 17:45:08.636 ServerApp] Connecting to kernel 8de617ec-e990-4bba-b98f-b4e051b0c5fd.
[I 2025-07-29 17:45:08.636 ServerApp] Restoring connection for 8de617ec-e990-4bba-b98f-b4e051b0c5fd:7fe7764d-ea40-46de-ab60-8d851374aa65
[I 2025-07-29 17:45:08.644 ServerApp] Replaying 3 buffered messages
[I 2025-07-29 17:45:18.030 ServerApp] Kernel restarted: 8de617ec-e990-4bba-b98f-b4e051b0c5fd
[I 2025-07-29 17:45:18.444 ServerApp] Starting buffering for 8de617ec-e990-4bba-b98f-b4e051b0c5fd:7fe7764d-ea40-46de-ab60-8d851374aa65
[I 2025-07-29 17:45:18.948 ServerApp] Connecting to kernel 8de617ec-e990-4bba-b98f-b4e051b0c5fd.
[I 2025-07-29 17:45:18.948 ServerApp] Restoring connection for 8de617ec-e990-4bba-b98f-b4e051b0c5fd:7fe7764d-ea40-46de-ab60-8d851374aa65
[I 2025-07-29 17:46:04.129 ServerApp] Saving file at /debug_n3.ipynb
[I 2025-07-29 17:46:23.225 ServerApp] Kernel restarted: 8de617ec-e990-4bba-b98f-b4e051b0c5fd
[I 2025-07-29 17:46:23.657 ServerApp] Starting buffering for 8de617ec-e990-4bba-b98f-b4e051b0c5fd:7fe7764d-ea40-46de-ab60-8d851374aa65
[I 2025-07-29 17:46:24.148 ServerApp] Connecting to kernel 8de617ec-e990-4bba-b98f-b4e051b0c5fd.
[I 2025-07-29 17:46:24.148 ServerApp] Restoring connection for 8de617ec-e990-4bba-b98f-b4e051b0c5fd:7fe7764d-ea40-46de-ab60-8d851374aa65
[I 2025-07-29 17:46:24.155 ServerApp] Replaying 3 buffered messages
[I 2025-07-29 17:46:40.754 ServerApp] Saving file at /graphs/n3/prompts.py
[I 2025-07-29 17:48:05.837 ServerApp] Saving file at /debug_n3.ipynb
[I 2025-07-29 17:48:45.490 ServerApp] Kernel restarted: 8de617ec-e990-4bba-b98f-b4e051b0c5fd
[I 2025-07-29 17:48:45.898 ServerApp] Starting buffering for 8de617ec-e990-4bba-b98f-b4e051b0c5fd:7fe7764d-ea40-46de-ab60-8d851374aa65
[I 2025-07-29 17:48:46.540 ServerApp] Connecting to kernel 8de617ec-e990-4bba-b98f-b4e051b0c5fd.
[I 2025-07-29 17:48:46.540 ServerApp] Restoring connection for 8de617ec-e990-4bba-b98f-b4e051b0c5fd:7fe7764d-ea40-46de-ab60-8d851374aa65
[I 2025-07-29 17:48:46.549 ServerApp] Replaying 3 buffered messages
[I 2025-07-29 17:49:58.881 ServerApp] Kernel restarted: 8de617ec-e990-4bba-b98f-b4e051b0c5fd
[I 2025-07-29 17:49:59.327 ServerApp] Starting buffering for 8de617ec-e990-4bba-b98f-b4e051b0c5fd:7fe7764d-ea40-46de-ab60-8d851374aa65
[I 2025-07-29 17:49:59.829 ServerApp] Connecting to kernel 8de617ec-e990-4bba-b98f-b4e051b0c5fd.
[I 2025-07-29 17:49:59.829 ServerApp] Restoring connection for 8de617ec-e990-4bba-b98f-b4e051b0c5fd:7fe7764d-ea40-46de-ab60-8d851374aa65
[I 2025-07-29 17:49:59.836 ServerApp] Replaying 3 buffered messages
[I 2025-07-29 17:50:07.952 ServerApp] Saving file at /debug_n3.ipynb
[I 2025-07-29 17:52:09.548 ServerApp] Saving file at /debug_n3.ipynb
[I 2025-07-29 17:52:43.013 ServerApp] Saving file at /graphs/n3/prompts.py
[I 2025-07-29 17:53:37.302 ServerApp] Kernel restarted: 8de617ec-e990-4bba-b98f-b4e051b0c5fd
[I 2025-07-29 17:53:37.761 ServerApp] Starting buffering for 8de617ec-e990-4bba-b98f-b4e051b0c5fd:7fe7764d-ea40-46de-ab60-8d851374aa65
[I 2025-07-29 17:53:38.231 ServerApp] Connecting to kernel 8de617ec-e990-4bba-b98f-b4e051b0c5fd.
[I 2025-07-29 17:53:38.231 ServerApp] Restoring connection for 8de617ec-e990-4bba-b98f-b4e051b0c5fd:7fe7764d-ea40-46de-ab60-8d851374aa65
[I 2025-07-29 17:53:38.238 ServerApp] Replaying 2 buffered messages
[I 2025-07-29 17:53:46.227 ServerApp] Kernel restarted: 8de617ec-e990-4bba-b98f-b4e051b0c5fd
[I 2025-07-29 17:53:46.629 ServerApp] Starting buffering for 8de617ec-e990-4bba-b98f-b4e051b0c5fd:7fe7764d-ea40-46de-ab60-8d851374aa65
[I 2025-07-29 17:53:47.125 ServerApp] Connecting to kernel 8de617ec-e990-4bba-b98f-b4e051b0c5fd.
[I 2025-07-29 17:53:47.125 ServerApp] Restoring connection for 8de617ec-e990-4bba-b98f-b4e051b0c5fd:7fe7764d-ea40-46de-ab60-8d851374aa65
[I 2025-07-29 17:53:47.133 ServerApp] Replaying 7 buffered messages
[I 2025-07-29 17:54:11.293 ServerApp] Saving file at /debug_n3.ipynb
[I 2025-07-29 17:54:44.971 ServerApp] Saving file at /graphs/n3/prompts.py
[W 2025-07-29 17:55:08.071 ServerApp] Replacing stale connection: 8de617ec-e990-4bba-b98f-b4e051b0c5fd:7fe7764d-ea40-46de-ab60-8d851374aa65
[I 2025-07-29 17:55:08.072 ServerApp] Connecting to kernel 8de617ec-e990-4bba-b98f-b4e051b0c5fd.
[W 2025-07-29 17:55:08.078 ServerApp] 
[W 2025-07-29 17:55:08.079 ServerApp] 
[W 2025-07-29 17:55:08.079 ServerApp] 
[W 2025-07-29 17:55:08.081 ServerApp] 
[W 2025-07-29 17:55:08.476 ServerApp] 
[W 2025-07-29 17:55:08.478 ServerApp] 
[W 2025-07-29 17:58:38.073 ServerApp] WebSocket ping timeout after 110718 ms.
[I 2025-07-29 17:58:43.077 ServerApp] Starting buffering for 8de617ec-e990-4bba-b98f-b4e051b0c5fd:7fe7764d-ea40-46de-ab60-8d851374aa65
[I 2025-07-29 18:51:06.636 ServerApp] Saving file at /debug_n3.ipynb
[I 2025-07-29 19:27:28.354 ServerApp] Connecting to kernel 8de617ec-e990-4bba-b98f-b4e051b0c5fd.
[I 2025-07-29 19:27:28.354 ServerApp] Restoring connection for 8de617ec-e990-4bba-b98f-b4e051b0c5fd:7fe7764d-ea40-46de-ab60-8d851374aa65
[W 2025-07-29 19:29:58.355 ServerApp] WebSocket ping timeout after 119597 ms.
[I 2025-07-29 19:30:03.357 ServerApp] Starting buffering for 8de617ec-e990-4bba-b98f-b4e051b0c5fd:7fe7764d-ea40-46de-ab60-8d851374aa65
[I 2025-07-29 21:48:04.636 ServerApp] Connecting to kernel 8de617ec-e990-4bba-b98f-b4e051b0c5fd.
[I 2025-07-29 21:48:04.636 ServerApp] Restoring connection for 8de617ec-e990-4bba-b98f-b4e051b0c5fd:7fe7764d-ea40-46de-ab60-8d851374aa65
[W 2025-07-29 21:51:34.638 ServerApp] WebSocket ping timeout after 111253 ms.
[I 2025-07-29 21:51:39.640 ServerApp] Starting buffering for 8de617ec-e990-4bba-b98f-b4e051b0c5fd:7fe7764d-ea40-46de-ab60-8d851374aa65
[I 2025-07-29 22:06:00.613 ServerApp] 302 GET / (@205.210.31.23) 0.37ms
[I 2025-07-29 22:06:00.708 LabApp] 302 GET /lab? (@205.210.31.23) 0.55ms
[I 2025-07-29 23:52:34.628 ServerApp] Connecting to kernel 8de617ec-e990-4bba-b98f-b4e051b0c5fd.
[I 2025-07-29 23:52:34.628 ServerApp] Restoring connection for 8de617ec-e990-4bba-b98f-b4e051b0c5fd:7fe7764d-ea40-46de-ab60-8d851374aa65
[W 2025-07-29 23:57:04.630 ServerApp] WebSocket ping timeout after 103205 ms.
[I 2025-07-29 23:57:09.633 ServerApp] Starting buffering for 8de617ec-e990-4bba-b98f-b4e051b0c5fd:7fe7764d-ea40-46de-ab60-8d851374aa65
[I 2025-07-30 00:09:36.749 ServerApp] 302 GET / (@167.94.138.57) 0.38ms
[I 2025-07-30 00:09:39.402 ServerApp] Malformed HTTP message from 167.94.138.57: Unexpected HTTP version 'HTTP/2.0'
[I 2025-07-30 00:10:01.618 LabApp] 302 GET /lab (@167.94.138.57) 0.52ms
[I 2025-07-30 00:10:06.658 ServerApp] Malformed HTTP message from 167.94.138.57: Unexpected HTTP version 'HTTP/2.0'
[I 2025-07-30 00:10:29.808 ServerApp] Malformed HTTP message from 167.94.138.57: Unexpected HTTP version 'HTTP/2.0'
[W 2025-07-30 00:11:08.910 ServerApp] 404 GET /sitemap.xml (@167.94.138.57) 1.10ms referer=None
[I 2025-07-30 01:41:54.604 ServerApp] Connecting to kernel 8de617ec-e990-4bba-b98f-b4e051b0c5fd.
[I 2025-07-30 01:41:54.606 ServerApp] Restoring connection for 8de617ec-e990-4bba-b98f-b4e051b0c5fd:7fe7764d-ea40-46de-ab60-8d851374aa65
[W 2025-07-30 01:43:24.605 ServerApp] WebSocket ping timeout after 90001 ms.
[I 2025-07-30 01:43:29.608 ServerApp] Starting buffering for 8de617ec-e990-4bba-b98f-b4e051b0c5fd:7fe7764d-ea40-46de-ab60-8d851374aa65
[I 2025-07-30 02:30:12.032 ServerApp] 302 GET / (@198.235.24.124) 0.39ms
[I 2025-07-30 02:30:12.409 LabApp] 302 GET /lab? (@198.235.24.124) 0.44ms
[I 2025-07-30 03:40:28.212 ServerApp] Connecting to kernel 8de617ec-e990-4bba-b98f-b4e051b0c5fd.
[I 2025-07-30 03:40:28.212 ServerApp] Restoring connection for 8de617ec-e990-4bba-b98f-b4e051b0c5fd:7fe7764d-ea40-46de-ab60-8d851374aa65
[W 2025-07-30 03:43:58.213 ServerApp] WebSocket ping timeout after 117813 ms.
[I 2025-07-30 03:44:03.215 ServerApp] Starting buffering for 8de617ec-e990-4bba-b98f-b4e051b0c5fd:7fe7764d-ea40-46de-ab60-8d851374aa65
[I 2025-07-30 06:01:15.764 ServerApp] Connecting to kernel 8de617ec-e990-4bba-b98f-b4e051b0c5fd.
[I 2025-07-30 06:01:15.764 ServerApp] Restoring connection for 8de617ec-e990-4bba-b98f-b4e051b0c5fd:7fe7764d-ea40-46de-ab60-8d851374aa65
[W 2025-07-30 06:05:15.766 ServerApp] WebSocket ping timeout after 106320 ms.
[I 2025-07-30 06:05:20.768 ServerApp] Starting buffering for 8de617ec-e990-4bba-b98f-b4e051b0c5fd:7fe7764d-ea40-46de-ab60-8d851374aa65
[I 2025-07-30 08:09:07.419 ServerApp] Connecting to kernel 8de617ec-e990-4bba-b98f-b4e051b0c5fd.
[I 2025-07-30 08:09:07.421 ServerApp] Restoring connection for 8de617ec-e990-4bba-b98f-b4e051b0c5fd:7fe7764d-ea40-46de-ab60-8d851374aa65
[W 2025-07-30 08:10:37.419 ServerApp] WebSocket ping timeout after 90000 ms.
[I 2025-07-30 08:10:42.421 ServerApp] Starting buffering for 8de617ec-e990-4bba-b98f-b4e051b0c5fd:7fe7764d-ea40-46de-ab60-8d851374aa65
[I 2025-07-30 10:12:22.709 ServerApp] Connecting to kernel 8de617ec-e990-4bba-b98f-b4e051b0c5fd.
[I 2025-07-30 10:12:22.709 ServerApp] Restoring connection for 8de617ec-e990-4bba-b98f-b4e051b0c5fd:7fe7764d-ea40-46de-ab60-8d851374aa65
[W 2025-07-30 10:14:52.710 ServerApp] WebSocket ping timeout after 119271 ms.
[I 2025-07-30 10:14:57.712 ServerApp] Starting buffering for 8de617ec-e990-4bba-b98f-b4e051b0c5fd:7fe7764d-ea40-46de-ab60-8d851374aa65
[I 2025-07-30 12:30:44.982 ServerApp] Connecting to kernel 8de617ec-e990-4bba-b98f-b4e051b0c5fd.
[I 2025-07-30 12:30:44.982 ServerApp] Restoring connection for 8de617ec-e990-4bba-b98f-b4e051b0c5fd:7fe7764d-ea40-46de-ab60-8d851374aa65
[W 2025-07-30 12:32:14.984 ServerApp] WebSocket ping timeout after 90001 ms.
[I 2025-07-30 12:32:19.986 ServerApp] Starting buffering for 8de617ec-e990-4bba-b98f-b4e051b0c5fd:7fe7764d-ea40-46de-ab60-8d851374aa65
[I 2025-07-30 13:05:10.046 ServerApp] Connecting to kernel 8de617ec-e990-4bba-b98f-b4e051b0c5fd.
[I 2025-07-30 13:05:10.046 ServerApp] Restoring connection for 8de617ec-e990-4bba-b98f-b4e051b0c5fd:7fe7764d-ea40-46de-ab60-8d851374aa65
[W 2025-07-30 13:08:10.048 ServerApp] WebSocket ping timeout after 119594 ms.
[I 2025-07-30 13:08:15.050 ServerApp] Starting buffering for 8de617ec-e990-4bba-b98f-b4e051b0c5fd:7fe7764d-ea40-46de-ab60-8d851374aa65
[I 2025-07-30 13:13:32.439 ServerApp] Connecting to kernel 8de617ec-e990-4bba-b98f-b4e051b0c5fd.
[I 2025-07-30 13:13:32.439 ServerApp] Restoring connection for 8de617ec-e990-4bba-b98f-b4e051b0c5fd:7fe7764d-ea40-46de-ab60-8d851374aa65
[W 2025-07-30 13:15:02.441 ServerApp] WebSocket ping timeout after 90002 ms.
[I 2025-07-30 13:15:07.443 ServerApp] Starting buffering for 8de617ec-e990-4bba-b98f-b4e051b0c5fd:7fe7764d-ea40-46de-ab60-8d851374aa65
[I 2025-07-30 13:49:09.001 ServerApp] Connecting to kernel 8de617ec-e990-4bba-b98f-b4e051b0c5fd.
[I 2025-07-30 13:49:09.001 ServerApp] Restoring connection for 8de617ec-e990-4bba-b98f-b4e051b0c5fd:7fe7764d-ea40-46de-ab60-8d851374aa65
[W 2025-07-30 13:52:09.002 ServerApp] WebSocket ping timeout after 119591 ms.
[I 2025-07-30 13:52:14.004 ServerApp] Starting buffering for 8de617ec-e990-4bba-b98f-b4e051b0c5fd:7fe7764d-ea40-46de-ab60-8d851374aa65
[I 2025-07-30 14:03:23.247 ServerApp] Kernel restarted: 8de617ec-e990-4bba-b98f-b4e051b0c5fd
[I 2025-07-30 14:03:24.164 ServerApp] Connecting to kernel 8de617ec-e990-4bba-b98f-b4e051b0c5fd.
[I 2025-07-30 14:03:24.164 ServerApp] Restoring connection for 8de617ec-e990-4bba-b98f-b4e051b0c5fd:7fe7764d-ea40-46de-ab60-8d851374aa65
[I 2025-07-30 14:03:24.171 ServerApp] Replaying 6 buffered messages
[I 2025-07-30 14:04:04.551 ServerApp] Saving file at /debug_n3.ipynb
[I 2025-07-30 14:15:11.324 ServerApp] Kernel restarted: 8de617ec-e990-4bba-b98f-b4e051b0c5fd
[I 2025-07-30 14:15:11.738 ServerApp] Starting buffering for 8de617ec-e990-4bba-b98f-b4e051b0c5fd:7fe7764d-ea40-46de-ab60-8d851374aa65
[I 2025-07-30 14:15:11.960 ServerApp] Connecting to kernel 8de617ec-e990-4bba-b98f-b4e051b0c5fd.
[I 2025-07-30 14:15:11.960 ServerApp] Restoring connection for 8de617ec-e990-4bba-b98f-b4e051b0c5fd:7fe7764d-ea40-46de-ab60-8d851374aa65
[I 2025-07-30 14:15:11.967 ServerApp] Replaying 3 buffered messages
[I 2025-07-30 14:16:10.064 ServerApp] Saving file at /debug_n3.ipynb
[I 2025-07-30 14:17:26.536 ServerApp] Kernel restarted: 8de617ec-e990-4bba-b98f-b4e051b0c5fd
[I 2025-07-30 14:17:27.229 ServerApp] Starting buffering for 8de617ec-e990-4bba-b98f-b4e051b0c5fd:7fe7764d-ea40-46de-ab60-8d851374aa65
[I 2025-07-30 14:17:27.540 ServerApp] Connecting to kernel 8de617ec-e990-4bba-b98f-b4e051b0c5fd.
[I 2025-07-30 14:17:27.540 ServerApp] Restoring connection for 8de617ec-e990-4bba-b98f-b4e051b0c5fd:7fe7764d-ea40-46de-ab60-8d851374aa65
[I 2025-07-30 14:18:11.722 ServerApp] Saving file at /debug_n3.ipynb
[I 2025-07-30 14:35:31.122 ServerApp] Saving file at /graphs/n3/prompts.py
[I 2025-07-30 14:37:32.305 ServerApp] Saving file at /graphs/n3/prompts.py
[I 2025-07-30 14:39:33.966 ServerApp] Saving file at /graphs/n3/prompts.py
[I 2025-07-30 14:45:35.501 ServerApp] Saving file at /graphs/n3/prompts.py
[I 2025-07-30 14:47:37.217 ServerApp] Saving file at /graphs/n3/prompts.py
[I 2025-07-30 14:49:38.360 ServerApp] Saving file at /graphs/n3/prompts.py
[I 2025-07-30 14:50:12.645 ServerApp] Kernel restarted: 8de617ec-e990-4bba-b98f-b4e051b0c5fd
[I 2025-07-30 14:50:12.932 ServerApp] Starting buffering for 8de617ec-e990-4bba-b98f-b4e051b0c5fd:7fe7764d-ea40-46de-ab60-8d851374aa65
[I 2025-07-30 14:50:13.306 ServerApp] Connecting to kernel 8de617ec-e990-4bba-b98f-b4e051b0c5fd.
[I 2025-07-30 14:50:13.307 ServerApp] Restoring connection for 8de617ec-e990-4bba-b98f-b4e051b0c5fd:7fe7764d-ea40-46de-ab60-8d851374aa65
[I 2025-07-30 14:50:13.315 ServerApp] Replaying 2 buffered messages
[I 2025-07-30 14:50:25.224 ServerApp] Kernel restarted: 8de617ec-e990-4bba-b98f-b4e051b0c5fd
[I 2025-07-30 14:50:25.490 ServerApp] Starting buffering for 8de617ec-e990-4bba-b98f-b4e051b0c5fd:7fe7764d-ea40-46de-ab60-8d851374aa65
[I 2025-07-30 14:50:25.850 ServerApp] Connecting to kernel 8de617ec-e990-4bba-b98f-b4e051b0c5fd.
[I 2025-07-30 14:50:25.850 ServerApp] Restoring connection for 8de617ec-e990-4bba-b98f-b4e051b0c5fd:7fe7764d-ea40-46de-ab60-8d851374aa65
[I 2025-07-30 14:52:04.326 ServerApp] Kernel restarted: 8de617ec-e990-4bba-b98f-b4e051b0c5fd
[I 2025-07-30 14:52:04.632 ServerApp] Starting buffering for 8de617ec-e990-4bba-b98f-b4e051b0c5fd:7fe7764d-ea40-46de-ab60-8d851374aa65
[I 2025-07-30 14:52:04.986 ServerApp] Connecting to kernel 8de617ec-e990-4bba-b98f-b4e051b0c5fd.
[I 2025-07-30 14:52:04.987 ServerApp] Restoring connection for 8de617ec-e990-4bba-b98f-b4e051b0c5fd:7fe7764d-ea40-46de-ab60-8d851374aa65
[I 2025-07-30 14:52:04.993 ServerApp] Replaying 3 buffered messages
[I 2025-07-30 14:52:15.929 ServerApp] Saving file at /debug_n3.ipynb
[I 2025-07-30 14:54:18.245 ServerApp] Saving file at /debug_n3.ipynb
[I 2025-07-30 14:55:04.686 ServerApp] Kernel restarted: 8de617ec-e990-4bba-b98f-b4e051b0c5fd
[I 2025-07-30 14:55:04.955 ServerApp] Starting buffering for 8de617ec-e990-4bba-b98f-b4e051b0c5fd:7fe7764d-ea40-46de-ab60-8d851374aa65
[I 2025-07-30 14:55:05.349 ServerApp] Connecting to kernel 8de617ec-e990-4bba-b98f-b4e051b0c5fd.
[I 2025-07-30 14:55:05.349 ServerApp] Restoring connection for 8de617ec-e990-4bba-b98f-b4e051b0c5fd:7fe7764d-ea40-46de-ab60-8d851374aa65
[I 2025-07-30 14:55:05.355 ServerApp] Replaying 3 buffered messages
[I 2025-07-30 14:56:19.807 ServerApp] Saving file at /debug_n3.ipynb
[I 2025-07-30 14:57:40.945 ServerApp] Saving file at /graphs/n3/prompts.py
[I 2025-07-30 14:59:18.834 ServerApp] Kernel restarted: 8de617ec-e990-4bba-b98f-b4e051b0c5fd
[I 2025-07-30 14:59:19.132 ServerApp] Starting buffering for 8de617ec-e990-4bba-b98f-b4e051b0c5fd:7fe7764d-ea40-46de-ab60-8d851374aa65
[I 2025-07-30 14:59:19.448 ServerApp] Connecting to kernel 8de617ec-e990-4bba-b98f-b4e051b0c5fd.
[I 2025-07-30 14:59:19.448 ServerApp] Restoring connection for 8de617ec-e990-4bba-b98f-b4e051b0c5fd:7fe7764d-ea40-46de-ab60-8d851374aa65
[I 2025-07-30 14:59:19.456 ServerApp] Replaying 3 buffered messages
[I 2025-07-30 14:59:34.805 ServerApp] Kernel restarted: 8de617ec-e990-4bba-b98f-b4e051b0c5fd
[I 2025-07-30 14:59:35.096 ServerApp] Starting buffering for 8de617ec-e990-4bba-b98f-b4e051b0c5fd:7fe7764d-ea40-46de-ab60-8d851374aa65
[I 2025-07-30 14:59:35.455 ServerApp] Connecting to kernel 8de617ec-e990-4bba-b98f-b4e051b0c5fd.
[I 2025-07-30 14:59:35.455 ServerApp] Restoring connection for 8de617ec-e990-4bba-b98f-b4e051b0c5fd:7fe7764d-ea40-46de-ab60-8d851374aa65
[I 2025-07-30 14:59:35.462 ServerApp] Replaying 1 buffered messages
[I 2025-07-30 14:59:42.672 ServerApp] Saving file at /graphs/n3/prompts.py
[I 2025-07-30 15:00:20.901 ServerApp] Saving file at /debug_n3.ipynb
[W 2025-07-30 15:01:46.750 ServerApp] Replacing stale connection: 8de617ec-e990-4bba-b98f-b4e051b0c5fd:7fe7764d-ea40-46de-ab60-8d851374aa65
[I 2025-07-30 15:01:46.751 ServerApp] Connecting to kernel 8de617ec-e990-4bba-b98f-b4e051b0c5fd.
[W 2025-07-30 15:01:46.757 ServerApp] 
[W 2025-07-30 15:01:46.758 ServerApp] 
[W 2025-07-30 15:01:46.761 ServerApp] 
[W 2025-07-30 15:01:46.761 ServerApp] 
[W 2025-07-30 15:01:47.289 ServerApp] 
[W 2025-07-30 15:01:47.290 ServerApp] 
[I 2025-07-30 15:02:09.222 ServerApp] Kernel restarted: 8de617ec-e990-4bba-b98f-b4e051b0c5fd
[I 2025-07-30 15:02:09.533 ServerApp] Starting buffering for 8de617ec-e990-4bba-b98f-b4e051b0c5fd:7fe7764d-ea40-46de-ab60-8d851374aa65
[I 2025-07-30 15:02:10.033 ServerApp] Connecting to kernel 8de617ec-e990-4bba-b98f-b4e051b0c5fd.
[I 2025-07-30 15:02:10.033 ServerApp] Restoring connection for 8de617ec-e990-4bba-b98f-b4e051b0c5fd:7fe7764d-ea40-46de-ab60-8d851374aa65
[I 2025-07-30 15:02:10.040 ServerApp] Replaying 3 buffered messages
[I 2025-07-30 15:02:19.382 ServerApp] Kernel restarted: 8de617ec-e990-4bba-b98f-b4e051b0c5fd
[I 2025-07-30 15:02:19.667 ServerApp] Starting buffering for 8de617ec-e990-4bba-b98f-b4e051b0c5fd:7fe7764d-ea40-46de-ab60-8d851374aa65
[I 2025-07-30 15:02:20.135 ServerApp] Connecting to kernel 8de617ec-e990-4bba-b98f-b4e051b0c5fd.
[I 2025-07-30 15:02:20.135 ServerApp] Restoring connection for 8de617ec-e990-4bba-b98f-b4e051b0c5fd:7fe7764d-ea40-46de-ab60-8d851374aa65
[I 2025-07-30 15:02:20.143 ServerApp] Replaying 2 buffered messages
[I 2025-07-30 15:02:28.092 ServerApp] Saving file at /debug_n3.ipynb
[I 2025-07-30 15:03:40.783 ServerApp] Kernel restarted: 8de617ec-e990-4bba-b98f-b4e051b0c5fd
[I 2025-07-30 15:03:41.462 ServerApp] Starting buffering for 8de617ec-e990-4bba-b98f-b4e051b0c5fd:7fe7764d-ea40-46de-ab60-8d851374aa65
[I 2025-07-30 15:03:41.958 ServerApp] Connecting to kernel 8de617ec-e990-4bba-b98f-b4e051b0c5fd.
[I 2025-07-30 15:03:41.959 ServerApp] Restoring connection for 8de617ec-e990-4bba-b98f-b4e051b0c5fd:7fe7764d-ea40-46de-ab60-8d851374aa65
[I 2025-07-30 15:04:29.877 ServerApp] Saving file at /debug_n3.ipynb
[I 2025-07-30 15:07:50.743 ServerApp] Saving file at /graphs/n3/prompts.py
[I 2025-07-30 15:09:14.122 ServerApp] Kernel restarted: 8de617ec-e990-4bba-b98f-b4e051b0c5fd
[I 2025-07-30 15:09:14.397 ServerApp] Starting buffering for 8de617ec-e990-4bba-b98f-b4e051b0c5fd:7fe7764d-ea40-46de-ab60-8d851374aa65
[I 2025-07-30 15:09:14.803 ServerApp] Connecting to kernel 8de617ec-e990-4bba-b98f-b4e051b0c5fd.
[I 2025-07-30 15:09:14.803 ServerApp] Restoring connection for 8de617ec-e990-4bba-b98f-b4e051b0c5fd:7fe7764d-ea40-46de-ab60-8d851374aa65
[I 2025-07-30 15:09:14.809 ServerApp] Replaying 3 buffered messages
[I 2025-07-30 15:09:31.617 ServerApp] Kernel restarted: 8de617ec-e990-4bba-b98f-b4e051b0c5fd
[I 2025-07-30 15:09:32.039 ServerApp] Starting buffering for 8de617ec-e990-4bba-b98f-b4e051b0c5fd:7fe7764d-ea40-46de-ab60-8d851374aa65
[I 2025-07-30 15:09:32.550 ServerApp] Connecting to kernel 8de617ec-e990-4bba-b98f-b4e051b0c5fd.
[I 2025-07-30 15:09:32.550 ServerApp] Restoring connection for 8de617ec-e990-4bba-b98f-b4e051b0c5fd:7fe7764d-ea40-46de-ab60-8d851374aa65
[I 2025-07-30 15:09:51.819 ServerApp] Saving file at /graphs/n3/prompts.py
[I 2025-07-30 15:10:31.553 ServerApp] Saving file at /debug_n3.ipynb
[I 2025-07-30 15:22:21.628 ServerApp] Kernel restarted: 8de617ec-e990-4bba-b98f-b4e051b0c5fd
[I 2025-07-30 15:22:21.911 ServerApp] Starting buffering for 8de617ec-e990-4bba-b98f-b4e051b0c5fd:7fe7764d-ea40-46de-ab60-8d851374aa65
[I 2025-07-30 15:22:22.306 ServerApp] Connecting to kernel 8de617ec-e990-4bba-b98f-b4e051b0c5fd.
[I 2025-07-30 15:22:22.306 ServerApp] Restoring connection for 8de617ec-e990-4bba-b98f-b4e051b0c5fd:7fe7764d-ea40-46de-ab60-8d851374aa65
[I 2025-07-30 15:22:22.314 ServerApp] Replaying 3 buffered messages
[I 2025-07-30 15:22:33.402 ServerApp] Saving file at /debug_n3.ipynb
[I 2025-07-30 15:24:35.046 ServerApp] Saving file at /debug_n3.ipynb
[I 2025-07-30 15:26:21.167 ServerApp] Kernel restarted: 8de617ec-e990-4bba-b98f-b4e051b0c5fd
[I 2025-07-30 15:26:21.487 ServerApp] Starting buffering for 8de617ec-e990-4bba-b98f-b4e051b0c5fd:7fe7764d-ea40-46de-ab60-8d851374aa65
[I 2025-07-30 15:26:22.005 ServerApp] Connecting to kernel 8de617ec-e990-4bba-b98f-b4e051b0c5fd.
[I 2025-07-30 15:26:22.006 ServerApp] Restoring connection for 8de617ec-e990-4bba-b98f-b4e051b0c5fd:7fe7764d-ea40-46de-ab60-8d851374aa65
[I 2025-07-30 15:26:22.014 ServerApp] Replaying 3 buffered messages
[I 2025-07-30 15:26:36.180 ServerApp] Saving file at /debug_n3.ipynb
[I 2025-07-30 15:28:17.435 ServerApp] Kernel restarted: 8de617ec-e990-4bba-b98f-b4e051b0c5fd
[I 2025-07-30 15:28:17.734 ServerApp] Starting buffering for 8de617ec-e990-4bba-b98f-b4e051b0c5fd:7fe7764d-ea40-46de-ab60-8d851374aa65
[I 2025-07-30 15:28:18.111 ServerApp] Connecting to kernel 8de617ec-e990-4bba-b98f-b4e051b0c5fd.
[I 2025-07-30 15:28:18.111 ServerApp] Restoring connection for 8de617ec-e990-4bba-b98f-b4e051b0c5fd:7fe7764d-ea40-46de-ab60-8d851374aa65
[I 2025-07-30 15:28:18.118 ServerApp] Replaying 7 buffered messages
[I 2025-07-30 15:28:37.191 ServerApp] Saving file at /debug_n3.ipynb
[I 2025-07-30 15:30:38.636 ServerApp] Saving file at /debug_n3.ipynb
[I 2025-07-30 15:41:10.150 ServerApp] Saving file at /graphs/n3/prompts.py
[I 2025-07-30 15:51:46.256 ServerApp] Kernel restarted: 8de617ec-e990-4bba-b98f-b4e051b0c5fd
[I 2025-07-30 15:51:46.798 ServerApp] Starting buffering for 8de617ec-e990-4bba-b98f-b4e051b0c5fd:7fe7764d-ea40-46de-ab60-8d851374aa65
[I 2025-07-30 15:51:47.145 ServerApp] Connecting to kernel 8de617ec-e990-4bba-b98f-b4e051b0c5fd.
[I 2025-07-30 15:51:47.145 ServerApp] Restoring connection for 8de617ec-e990-4bba-b98f-b4e051b0c5fd:7fe7764d-ea40-46de-ab60-8d851374aa65
[I 2025-07-30 15:51:47.152 ServerApp] Replaying 2 buffered messages
[I 2025-07-30 15:51:54.232 ServerApp] Kernel restarted: 8de617ec-e990-4bba-b98f-b4e051b0c5fd
[I 2025-07-30 15:51:54.516 ServerApp] Starting buffering for 8de617ec-e990-4bba-b98f-b4e051b0c5fd:7fe7764d-ea40-46de-ab60-8d851374aa65
[I 2025-07-30 15:51:54.894 ServerApp] Connecting to kernel 8de617ec-e990-4bba-b98f-b4e051b0c5fd.
[I 2025-07-30 15:51:54.894 ServerApp] Restoring connection for 8de617ec-e990-4bba-b98f-b4e051b0c5fd:7fe7764d-ea40-46de-ab60-8d851374aa65
[I 2025-07-30 15:51:54.903 ServerApp] Replaying 3 buffered messages
[I 2025-07-30 15:52:45.682 ServerApp] Saving file at /debug_n3.ipynb
[I 2025-07-30 15:57:11.724 ServerApp] Saving file at /graphs/n3/prompts.py
[I 2025-07-30 15:59:13.319 ServerApp] Saving file at /graphs/n3/prompts.py
[I 2025-07-30 15:59:23.431 ServerApp] Kernel restarted: 8de617ec-e990-4bba-b98f-b4e051b0c5fd
[I 2025-07-30 15:59:23.710 ServerApp] Starting buffering for 8de617ec-e990-4bba-b98f-b4e051b0c5fd:7fe7764d-ea40-46de-ab60-8d851374aa65
[I 2025-07-30 15:59:24.168 ServerApp] Connecting to kernel 8de617ec-e990-4bba-b98f-b4e051b0c5fd.
[I 2025-07-30 15:59:24.168 ServerApp] Restoring connection for 8de617ec-e990-4bba-b98f-b4e051b0c5fd:7fe7764d-ea40-46de-ab60-8d851374aa65
[I 2025-07-30 15:59:30.429 ServerApp] Kernel restarted: 8de617ec-e990-4bba-b98f-b4e051b0c5fd
[I 2025-07-30 15:59:30.696 ServerApp] Starting buffering for 8de617ec-e990-4bba-b98f-b4e051b0c5fd:7fe7764d-ea40-46de-ab60-8d851374aa65
[I 2025-07-30 15:59:31.044 ServerApp] Connecting to kernel 8de617ec-e990-4bba-b98f-b4e051b0c5fd.
[I 2025-07-30 15:59:31.044 ServerApp] Restoring connection for 8de617ec-e990-4bba-b98f-b4e051b0c5fd:7fe7764d-ea40-46de-ab60-8d851374aa65
[I 2025-07-30 15:59:31.050 ServerApp] Replaying 3 buffered messages
[I 2025-07-30 16:00:46.772 ServerApp] Saving file at /debug_n3.ipynb
[I 2025-07-30 16:05:15.555 ServerApp] Saving file at /graphs/n3/prompts.py
[I 2025-07-30 16:07:16.803 ServerApp] Saving file at /graphs/n3/prompts.py
[I 2025-07-30 16:07:17.938 ServerApp] Kernel restarted: 8de617ec-e990-4bba-b98f-b4e051b0c5fd
[I 2025-07-30 16:07:18.622 ServerApp] Starting buffering for 8de617ec-e990-4bba-b98f-b4e051b0c5fd:7fe7764d-ea40-46de-ab60-8d851374aa65
[I 2025-07-30 16:07:19.267 ServerApp] Connecting to kernel 8de617ec-e990-4bba-b98f-b4e051b0c5fd.
[I 2025-07-30 16:07:19.267 ServerApp] Restoring connection for 8de617ec-e990-4bba-b98f-b4e051b0c5fd:7fe7764d-ea40-46de-ab60-8d851374aa65
[I 2025-07-30 16:07:28.493 ServerApp] Kernel restarted: 8de617ec-e990-4bba-b98f-b4e051b0c5fd
[I 2025-07-30 16:07:28.797 ServerApp] Starting buffering for 8de617ec-e990-4bba-b98f-b4e051b0c5fd:7fe7764d-ea40-46de-ab60-8d851374aa65
[I 2025-07-30 16:07:29.197 ServerApp] Connecting to kernel 8de617ec-e990-4bba-b98f-b4e051b0c5fd.
[I 2025-07-30 16:07:29.197 ServerApp] Restoring connection for 8de617ec-e990-4bba-b98f-b4e051b0c5fd:7fe7764d-ea40-46de-ab60-8d851374aa65
[I 2025-07-30 16:08:48.225 ServerApp] Saving file at /debug_n3.ipynb
[I 2025-07-30 16:14:06.975 ServerApp] Kernel restarted: 8de617ec-e990-4bba-b98f-b4e051b0c5fd
[I 2025-07-30 16:14:07.344 ServerApp] Starting buffering for 8de617ec-e990-4bba-b98f-b4e051b0c5fd:7fe7764d-ea40-46de-ab60-8d851374aa65
[I 2025-07-30 16:14:07.697 ServerApp] Connecting to kernel 8de617ec-e990-4bba-b98f-b4e051b0c5fd.
[I 2025-07-30 16:14:07.697 ServerApp] Restoring connection for 8de617ec-e990-4bba-b98f-b4e051b0c5fd:7fe7764d-ea40-46de-ab60-8d851374aa65
[I 2025-07-30 16:14:07.705 ServerApp] Replaying 3 buffered messages
[I 2025-07-30 16:14:49.790 ServerApp] Saving file at /debug_n3.ipynb
[I 2025-07-30 16:24:34.839 ServerApp] Kernel restarted: 8de617ec-e990-4bba-b98f-b4e051b0c5fd
[I 2025-07-30 16:24:35.116 ServerApp] Starting buffering for 8de617ec-e990-4bba-b98f-b4e051b0c5fd:7fe7764d-ea40-46de-ab60-8d851374aa65
[I 2025-07-30 16:24:35.457 ServerApp] Connecting to kernel 8de617ec-e990-4bba-b98f-b4e051b0c5fd.
[I 2025-07-30 16:24:35.457 ServerApp] Restoring connection for 8de617ec-e990-4bba-b98f-b4e051b0c5fd:7fe7764d-ea40-46de-ab60-8d851374aa65
[I 2025-07-30 16:24:35.464 ServerApp] Replaying 3 buffered messages
[I 2025-07-30 16:24:51.109 ServerApp] Saving file at /debug_n3.ipynb
[I 2025-07-30 16:26:52.169 ServerApp] Saving file at /debug_n3.ipynb
[I 2025-07-30 16:27:18.387 ServerApp] Saving file at /graphs/n3/prompts.py
[I 2025-07-30 16:29:19.908 ServerApp] Saving file at /graphs/n3/prompts.py
[I 2025-07-30 16:31:21.369 ServerApp] Saving file at /graphs/n3/prompts.py
[I 2025-07-30 16:32:09.584 ServerApp] Kernel restarted: 8de617ec-e990-4bba-b98f-b4e051b0c5fd
[I 2025-07-30 16:32:09.863 ServerApp] Starting buffering for 8de617ec-e990-4bba-b98f-b4e051b0c5fd:7fe7764d-ea40-46de-ab60-8d851374aa65
[I 2025-07-30 16:32:10.192 ServerApp] Connecting to kernel 8de617ec-e990-4bba-b98f-b4e051b0c5fd.
[I 2025-07-30 16:32:10.192 ServerApp] Restoring connection for 8de617ec-e990-4bba-b98f-b4e051b0c5fd:7fe7764d-ea40-46de-ab60-8d851374aa65
[I 2025-07-30 16:32:10.199 ServerApp] Replaying 3 buffered messages
[I 2025-07-30 16:32:15.885 ServerApp] Kernel restarted: 8de617ec-e990-4bba-b98f-b4e051b0c5fd
[I 2025-07-30 16:32:16.157 ServerApp] Starting buffering for 8de617ec-e990-4bba-b98f-b4e051b0c5fd:7fe7764d-ea40-46de-ab60-8d851374aa65
[I 2025-07-30 16:32:16.503 ServerApp] Connecting to kernel 8de617ec-e990-4bba-b98f-b4e051b0c5fd.
[I 2025-07-30 16:32:16.503 ServerApp] Restoring connection for 8de617ec-e990-4bba-b98f-b4e051b0c5fd:7fe7764d-ea40-46de-ab60-8d851374aa65
[I 2025-07-30 16:32:16.509 ServerApp] Replaying 7 buffered messages
[I 2025-07-30 16:32:53.576 ServerApp] Saving file at /debug_n3.ipynb
[I 2025-07-30 16:33:22.626 ServerApp] Saving file at /graphs/n3/prompts.py
[I 2025-07-30 16:34:11.056 ServerApp] Kernel restarted: 8de617ec-e990-4bba-b98f-b4e051b0c5fd
[I 2025-07-30 16:34:11.332 ServerApp] Starting buffering for 8de617ec-e990-4bba-b98f-b4e051b0c5fd:7fe7764d-ea40-46de-ab60-8d851374aa65
[I 2025-07-30 16:34:11.719 ServerApp] Connecting to kernel 8de617ec-e990-4bba-b98f-b4e051b0c5fd.
[I 2025-07-30 16:34:11.719 ServerApp] Restoring connection for 8de617ec-e990-4bba-b98f-b4e051b0c5fd:7fe7764d-ea40-46de-ab60-8d851374aa65
[I 2025-07-30 16:34:11.726 ServerApp] Replaying 3 buffered messages
[I 2025-07-30 16:34:54.730 ServerApp] Saving file at /debug_n3.ipynb
[I 2025-07-30 16:36:01.923 ServerApp] Kernel restarted: 8de617ec-e990-4bba-b98f-b4e051b0c5fd
[I 2025-07-30 16:36:02.198 ServerApp] Starting buffering for 8de617ec-e990-4bba-b98f-b4e051b0c5fd:7fe7764d-ea40-46de-ab60-8d851374aa65
[I 2025-07-30 16:36:02.521 ServerApp] Connecting to kernel 8de617ec-e990-4bba-b98f-b4e051b0c5fd.
[I 2025-07-30 16:36:02.521 ServerApp] Restoring connection for 8de617ec-e990-4bba-b98f-b4e051b0c5fd:7fe7764d-ea40-46de-ab60-8d851374aa65
[I 2025-07-30 16:36:02.529 ServerApp] Replaying 3 buffered messages
[I 2025-07-30 16:36:57.742 ServerApp] Saving file at /debug_n3.ipynb
[I 2025-07-30 16:37:08.331 ServerApp] Kernel restarted: 8de617ec-e990-4bba-b98f-b4e051b0c5fd
[I 2025-07-30 16:37:08.604 ServerApp] Starting buffering for 8de617ec-e990-4bba-b98f-b4e051b0c5fd:7fe7764d-ea40-46de-ab60-8d851374aa65
[I 2025-07-30 16:37:08.968 ServerApp] Connecting to kernel 8de617ec-e990-4bba-b98f-b4e051b0c5fd.
[I 2025-07-30 16:37:08.968 ServerApp] Restoring connection for 8de617ec-e990-4bba-b98f-b4e051b0c5fd:7fe7764d-ea40-46de-ab60-8d851374aa65
[I 2025-07-30 16:38:59.268 ServerApp] Saving file at /debug_n3.ipynb
[I 2025-07-30 16:39:39.363 ServerApp] Kernel restarted: 8de617ec-e990-4bba-b98f-b4e051b0c5fd
[I 2025-07-30 16:39:39.845 ServerApp] Starting buffering for 8de617ec-e990-4bba-b98f-b4e051b0c5fd:7fe7764d-ea40-46de-ab60-8d851374aa65
[I 2025-07-30 16:39:40.161 ServerApp] Connecting to kernel 8de617ec-e990-4bba-b98f-b4e051b0c5fd.
[I 2025-07-30 16:39:40.161 ServerApp] Restoring connection for 8de617ec-e990-4bba-b98f-b4e051b0c5fd:7fe7764d-ea40-46de-ab60-8d851374aa65
[I 2025-07-30 16:41:00.972 ServerApp] Saving file at /debug_n3.ipynb
[I 2025-07-30 16:43:24.220 ServerApp] Saving file at /graphs/n3/prompts.py
[I 2025-07-30 16:45:25.433 ServerApp] Saving file at /graphs/n3/prompts.py
[I 2025-07-30 16:47:26.900 ServerApp] Saving file at /graphs/n3/prompts.py
[I 2025-07-30 16:48:30.899 ServerApp] Kernel restarted: 8de617ec-e990-4bba-b98f-b4e051b0c5fd
[I 2025-07-30 16:48:31.182 ServerApp] Starting buffering for 8de617ec-e990-4bba-b98f-b4e051b0c5fd:7fe7764d-ea40-46de-ab60-8d851374aa65
[I 2025-07-30 16:48:31.517 ServerApp] Connecting to kernel 8de617ec-e990-4bba-b98f-b4e051b0c5fd.
[I 2025-07-30 16:48:31.517 ServerApp] Restoring connection for 8de617ec-e990-4bba-b98f-b4e051b0c5fd:7fe7764d-ea40-46de-ab60-8d851374aa65
[I 2025-07-30 16:48:31.524 ServerApp] Replaying 3 buffered messages
[I 2025-07-30 16:48:42.037 ServerApp] Kernel restarted: 8de617ec-e990-4bba-b98f-b4e051b0c5fd
[I 2025-07-30 16:48:42.322 ServerApp] Starting buffering for 8de617ec-e990-4bba-b98f-b4e051b0c5fd:7fe7764d-ea40-46de-ab60-8d851374aa65
[I 2025-07-30 16:48:42.714 ServerApp] Connecting to kernel 8de617ec-e990-4bba-b98f-b4e051b0c5fd.
[I 2025-07-30 16:48:42.714 ServerApp] Restoring connection for 8de617ec-e990-4bba-b98f-b4e051b0c5fd:7fe7764d-ea40-46de-ab60-8d851374aa65
[I 2025-07-30 16:49:02.353 ServerApp] Saving file at /debug_n3.ipynb
[I 2025-07-30 16:49:28.733 ServerApp] Saving file at /graphs/n3/prompts.py
[I 2025-07-30 16:51:03.726 ServerApp] Saving file at /debug_n3.ipynb
[I 2025-07-30 16:51:30.226 ServerApp] Saving file at /graphs/n3/prompts.py
[I 2025-07-30 16:52:34.170 ServerApp] Kernel restarted: 8de617ec-e990-4bba-b98f-b4e051b0c5fd
[I 2025-07-30 16:52:34.483 ServerApp] Starting buffering for 8de617ec-e990-4bba-b98f-b4e051b0c5fd:7fe7764d-ea40-46de-ab60-8d851374aa65
[I 2025-07-30 16:52:34.781 ServerApp] Connecting to kernel 8de617ec-e990-4bba-b98f-b4e051b0c5fd.
[I 2025-07-30 16:52:34.781 ServerApp] Restoring connection for 8de617ec-e990-4bba-b98f-b4e051b0c5fd:7fe7764d-ea40-46de-ab60-8d851374aa65
[I 2025-07-30 16:52:41.327 ServerApp] Kernel restarted: 8de617ec-e990-4bba-b98f-b4e051b0c5fd
[I 2025-07-30 16:52:41.600 ServerApp] Starting buffering for 8de617ec-e990-4bba-b98f-b4e051b0c5fd:7fe7764d-ea40-46de-ab60-8d851374aa65
[I 2025-07-30 16:52:41.975 ServerApp] Connecting to kernel 8de617ec-e990-4bba-b98f-b4e051b0c5fd.
[I 2025-07-30 16:52:41.975 ServerApp] Restoring connection for 8de617ec-e990-4bba-b98f-b4e051b0c5fd:7fe7764d-ea40-46de-ab60-8d851374aa65
[I 2025-07-30 16:52:41.981 ServerApp] Replaying 3 buffered messages
[I 2025-07-30 16:53:04.891 ServerApp] Saving file at /debug_n3.ipynb
[I 2025-07-30 16:55:06.216 ServerApp] Saving file at /debug_n3.ipynb
[I 2025-07-30 16:55:31.551 ServerApp] Saving file at /graphs/n3/prompts.py
[I 2025-07-30 16:57:16.548 ServerApp] Kernel restarted: 8de617ec-e990-4bba-b98f-b4e051b0c5fd
[I 2025-07-30 16:57:16.816 ServerApp] Starting buffering for 8de617ec-e990-4bba-b98f-b4e051b0c5fd:7fe7764d-ea40-46de-ab60-8d851374aa65
[I 2025-07-30 16:57:17.338 ServerApp] Connecting to kernel 8de617ec-e990-4bba-b98f-b4e051b0c5fd.
[I 2025-07-30 16:57:17.338 ServerApp] Restoring connection for 8de617ec-e990-4bba-b98f-b4e051b0c5fd:7fe7764d-ea40-46de-ab60-8d851374aa65
[I 2025-07-30 16:57:17.345 ServerApp] Replaying 7 buffered messages
[I 2025-07-30 16:57:26.833 ServerApp] Kernel restarted: 8de617ec-e990-4bba-b98f-b4e051b0c5fd
[I 2025-07-30 16:57:27.505 ServerApp] Starting buffering for 8de617ec-e990-4bba-b98f-b4e051b0c5fd:7fe7764d-ea40-46de-ab60-8d851374aa65
[I 2025-07-30 16:57:27.825 ServerApp] Connecting to kernel 8de617ec-e990-4bba-b98f-b4e051b0c5fd.
[I 2025-07-30 16:57:27.825 ServerApp] Restoring connection for 8de617ec-e990-4bba-b98f-b4e051b0c5fd:7fe7764d-ea40-46de-ab60-8d851374aa65
[I 2025-07-30 16:59:07.389 ServerApp] Saving file at /debug_n3.ipynb
[I 2025-07-30 17:00:05.737 ServerApp] Kernel restarted: 8de617ec-e990-4bba-b98f-b4e051b0c5fd
[I 2025-07-30 17:00:06.056 ServerApp] Starting buffering for 8de617ec-e990-4bba-b98f-b4e051b0c5fd:7fe7764d-ea40-46de-ab60-8d851374aa65
[I 2025-07-30 17:00:06.368 ServerApp] Connecting to kernel 8de617ec-e990-4bba-b98f-b4e051b0c5fd.
[I 2025-07-30 17:00:06.368 ServerApp] Restoring connection for 8de617ec-e990-4bba-b98f-b4e051b0c5fd:7fe7764d-ea40-46de-ab60-8d851374aa65
[I 2025-07-30 17:01:08.810 ServerApp] Saving file at /debug_n3.ipynb
[I 2025-07-30 17:01:11.191 ServerApp] Kernel restarted: 8de617ec-e990-4bba-b98f-b4e051b0c5fd
[I 2025-07-30 17:01:11.486 ServerApp] Starting buffering for 8de617ec-e990-4bba-b98f-b4e051b0c5fd:7fe7764d-ea40-46de-ab60-8d851374aa65
[I 2025-07-30 17:01:11.806 ServerApp] Connecting to kernel 8de617ec-e990-4bba-b98f-b4e051b0c5fd.
[I 2025-07-30 17:01:11.806 ServerApp] Restoring connection for 8de617ec-e990-4bba-b98f-b4e051b0c5fd:7fe7764d-ea40-46de-ab60-8d851374aa65
[W 2025-07-30 17:03:00.678 ServerApp] Replacing stale connection: 8de617ec-e990-4bba-b98f-b4e051b0c5fd:7fe7764d-ea40-46de-ab60-8d851374aa65
[I 2025-07-30 17:03:00.679 ServerApp] Connecting to kernel 8de617ec-e990-4bba-b98f-b4e051b0c5fd.
[W 2025-07-30 17:03:00.685 ServerApp] 
[W 2025-07-30 17:03:00.687 ServerApp] 
[W 2025-07-30 17:03:00.689 ServerApp] 
[W 2025-07-30 17:03:00.690 ServerApp] 
[W 2025-07-30 17:03:00.964 ServerApp] 
[W 2025-07-30 17:03:00.966 ServerApp] 
[I 2025-07-30 17:03:35.792 ServerApp] Saving file at /debug_n3.ipynb
[I 2025-07-30 17:05:13.701 ServerApp] Saving file at /graphs/n3/prompts.py
[W 2025-07-30 17:07:00.681 ServerApp] WebSocket ping timeout after 109170 ms.
[I 2025-07-30 17:07:05.682 ServerApp] Starting buffering for 8de617ec-e990-4bba-b98f-b4e051b0c5fd:7fe7764d-ea40-46de-ab60-8d851374aa65
[I 2025-07-30 18:58:44.418 ServerApp] Connecting to kernel 8de617ec-e990-4bba-b98f-b4e051b0c5fd.
[I 2025-07-30 18:58:44.419 ServerApp] Restoring connection for 8de617ec-e990-4bba-b98f-b4e051b0c5fd:7fe7764d-ea40-46de-ab60-8d851374aa65
[W 2025-07-30 19:02:14.418 ServerApp] WebSocket ping timeout after 112104 ms.
[I 2025-07-30 19:02:19.421 ServerApp] Starting buffering for 8de617ec-e990-4bba-b98f-b4e051b0c5fd:7fe7764d-ea40-46de-ab60-8d851374aa65
[I 2025-07-30 20:51:45.779 ServerApp] 302 GET / (@167.94.138.190) 0.39ms
[I 2025-07-30 20:51:54.861 ServerApp] 302 GET / (@167.94.138.190) 0.32ms
[I 2025-07-30 20:51:55.137 ServerApp] Malformed HTTP message from 167.94.138.190: Unexpected HTTP version 'HTTP/2.0'
[I 2025-07-30 20:51:58.219 LabApp] 302 GET /lab (@167.94.138.190) 0.53ms
[I 2025-07-30 20:51:58.297 ServerApp] Malformed HTTP message from 167.94.138.190: Unexpected HTTP version 'HTTP/2.0'
[I 2025-07-30 20:52:01.700 ServerApp] Malformed HTTP message from 167.94.138.190: Unexpected HTTP version 'HTTP/2.0'
[W 2025-07-30 20:52:22.790 ServerApp] 404 GET /sitemap.xml (@167.94.138.190) 1.14ms referer=None
[I 2025-07-30 21:08:18.260 ServerApp] Connecting to kernel 8de617ec-e990-4bba-b98f-b4e051b0c5fd.
[I 2025-07-30 21:08:18.260 ServerApp] Restoring connection for 8de617ec-e990-4bba-b98f-b4e051b0c5fd:7fe7764d-ea40-46de-ab60-8d851374aa65
[W 2025-07-30 21:09:48.261 ServerApp] WebSocket ping timeout after 90000 ms.
[I 2025-07-30 21:09:53.262 ServerApp] Starting buffering for 8de617ec-e990-4bba-b98f-b4e051b0c5fd:7fe7764d-ea40-46de-ab60-8d851374aa65
[I 2025-07-30 22:25:23.693 ServerApp] 302 GET / (@147.185.132.189) 0.37ms
[I 2025-07-30 22:25:23.754 LabApp] 302 GET /lab? (@147.185.132.189) 0.52ms
[I 2025-07-30 22:42:45.258 ServerApp] Connecting to kernel 8de617ec-e990-4bba-b98f-b4e051b0c5fd.
[I 2025-07-30 22:42:45.258 ServerApp] Restoring connection for 8de617ec-e990-4bba-b98f-b4e051b0c5fd:7fe7764d-ea40-46de-ab60-8d851374aa65
[I 2025-07-30 22:43:17.990 ServerApp] 302 GET / (@154.197.56.163) 0.41ms
[I 2025-07-30 22:43:18.550 ServerApp] 302 GET / (@154.197.56.163) 0.38ms
[I 2025-07-30 22:43:18.641 LabApp] 302 GET /lab? (@154.197.56.163) 0.53ms
[W 2025-07-30 22:43:19.409 ServerApp] 404 GET /robots.txt (@154.197.56.163) 1.18ms referer=None
[W 2025-07-30 22:43:19.534 ServerApp] 404 GET /.well-known/security.txt (@154.197.56.163) 1.03ms referer=None
[W 2025-07-30 22:46:15.260 ServerApp] WebSocket ping timeout after 108634 ms.
[I 2025-07-30 22:46:20.261 ServerApp] Starting buffering for 8de617ec-e990-4bba-b98f-b4e051b0c5fd:7fe7764d-ea40-46de-ab60-8d851374aa65
[I 2025-07-30 23:51:45.972 ServerApp] 302 GET / (@167.94.138.42) 0.37ms
[I 2025-07-30 23:52:14.436 ServerApp] 302 GET / (@167.94.138.42) 0.52ms
[I 2025-07-30 23:52:35.961 LabApp] 302 GET /lab (@167.94.138.42) 0.49ms
[I 2025-07-30 23:52:41.070 ServerApp] Malformed HTTP message from 167.94.138.42: Unexpected HTTP version 'HTTP/2.0'
[I 2025-07-30 23:53:37.840 ServerApp] Malformed HTTP message from 167.94.138.42: Unexpected HTTP version 'HTTP/2.0'
[W 2025-07-30 23:54:26.059 ServerApp] 404 GET /wiki (@167.94.138.42) 1.05ms referer=None
[I 2025-07-31 00:27:03.300 ServerApp] 302 GET / (@206.168.34.208) 0.38ms
[I 2025-07-31 00:27:19.726 ServerApp] 302 GET / (@206.168.34.208) 0.38ms
[I 2025-07-31 00:27:23.772 ServerApp] Malformed HTTP message from 206.168.34.208: Unexpected HTTP version 'HTTP/2.0'
[I 2025-07-31 00:27:31.697 LabApp] 302 GET /lab (@206.168.34.208) 0.52ms
[I 2025-07-31 00:27:33.955 ServerApp] Malformed HTTP message from 206.168.34.208: Unexpected HTTP version 'HTTP/2.0'
[I 2025-07-31 00:28:00.959 ServerApp] Malformed HTTP message from 206.168.34.208: Unexpected HTTP version 'HTTP/2.0'
[W 2025-07-31 00:28:41.410 ServerApp] 404 GET /security.txt (@206.168.34.208) 1.03ms referer=None
[I 2025-07-31 00:40:51.600 ServerApp] Connecting to kernel 8de617ec-e990-4bba-b98f-b4e051b0c5fd.
[I 2025-07-31 00:40:51.600 ServerApp] Restoring connection for 8de617ec-e990-4bba-b98f-b4e051b0c5fd:7fe7764d-ea40-46de-ab60-8d851374aa65
[W 2025-07-31 00:42:21.602 ServerApp] WebSocket ping timeout after 90001 ms.
[I 2025-07-31 00:42:26.603 ServerApp] Starting buffering for 8de617ec-e990-4bba-b98f-b4e051b0c5fd:7fe7764d-ea40-46de-ab60-8d851374aa65
[I 2025-07-31 02:07:26.811 ServerApp] 302 GET / (@198.235.24.149) 0.37ms
[I 2025-07-31 02:07:26.980 LabApp] 302 GET /lab? (@198.235.24.149) 0.54ms
[I 2025-07-31 02:19:40.256 ServerApp] Connecting to kernel 8de617ec-e990-4bba-b98f-b4e051b0c5fd.
[I 2025-07-31 02:19:40.256 ServerApp] Restoring connection for 8de617ec-e990-4bba-b98f-b4e051b0c5fd:7fe7764d-ea40-46de-ab60-8d851374aa65
[W 2025-07-31 02:23:40.259 ServerApp] WebSocket ping timeout after 112788 ms.
[I 2025-07-31 02:23:45.261 ServerApp] Starting buffering for 8de617ec-e990-4bba-b98f-b4e051b0c5fd:7fe7764d-ea40-46de-ab60-8d851374aa65
[I 2025-07-31 04:20:06.481 ServerApp] Connecting to kernel 8de617ec-e990-4bba-b98f-b4e051b0c5fd.
[I 2025-07-31 04:20:06.481 ServerApp] Restoring connection for 8de617ec-e990-4bba-b98f-b4e051b0c5fd:7fe7764d-ea40-46de-ab60-8d851374aa65
[W 2025-07-31 04:24:06.482 ServerApp] WebSocket ping timeout after 119754 ms.
[I 2025-07-31 04:24:11.483 ServerApp] Starting buffering for 8de617ec-e990-4bba-b98f-b4e051b0c5fd:7fe7764d-ea40-46de-ab60-8d851374aa65
[I 2025-07-31 06:25:33.229 ServerApp] Connecting to kernel 8de617ec-e990-4bba-b98f-b4e051b0c5fd.
[I 2025-07-31 06:25:33.230 ServerApp] Restoring connection for 8de617ec-e990-4bba-b98f-b4e051b0c5fd:7fe7764d-ea40-46de-ab60-8d851374aa65
[W 2025-07-31 06:27:03.230 ServerApp] WebSocket ping timeout after 90001 ms.
[I 2025-07-31 06:27:08.232 ServerApp] Starting buffering for 8de617ec-e990-4bba-b98f-b4e051b0c5fd:7fe7764d-ea40-46de-ab60-8d851374aa65
[I 2025-07-31 06:45:45.485 ServerApp] 302 GET / (@172.236.228.193) 0.38ms
[I 2025-07-31 06:53:53.026 LabApp] 302 GET /lab (@180.163.28.180) 0.44ms
[I 2025-07-31 06:54:09.575 LabApp] 302 GET /lab (@101.89.44.246) 0.50ms
[I 2025-07-31 06:54:52.955 LabApp] 302 GET /lab (@117.71.81.53) 0.46ms
[I 2025-07-31 06:55:08.569 ServerApp] User fa29fdb9b2854ed48faa14846ba5436b logged in.
[I 2025-07-31 06:55:08.570 ServerApp] 302 POST /login?next=%2Flab (fa29fdb9b2854ed48faa14846ba5436b@117.71.81.53) 1.06ms
[W 2025-07-31 06:56:52.119 LabApp] Could not determine jupyterlab build status without nodejs
[I 2025-07-31 06:56:52.433 ServerApp] Connecting to kernel 8de617ec-e990-4bba-b98f-b4e051b0c5fd.
[I 2025-07-31 06:56:52.992 ServerApp] Connecting to kernel 79e5653d-13e0-412b-83a9-ce0878c0c151.
[I 2025-07-31 06:56:53.268 ServerApp] Starting buffering for 8de617ec-e990-4bba-b98f-b4e051b0c5fd:9352bd82-7a90-4e6f-99c5-846895e85fb4
[I 2025-07-31 06:56:53.798 ServerApp] Starting buffering for 79e5653d-13e0-412b-83a9-ce0878c0c151:6642e865-2612-4421-9d38-5e5e389a947c
[I 2025-07-31 06:56:56.711 ServerApp] Connecting to kernel 8de617ec-e990-4bba-b98f-b4e051b0c5fd.
[I 2025-07-31 06:57:44.222 LabApp] 302 GET /lab (@202.59.232.60) 0.56ms
[I 2025-07-31 06:58:09.047 ServerApp] User 2b99f3b8f8d54c839cec144bd47d092e logged in.
[I 2025-07-31 06:58:09.047 ServerApp] 302 POST /login?next=%2Flab (2b99f3b8f8d54c839cec144bd47d092e@202.59.232.60) 1.05ms
[I 2025-07-31 06:58:17.168 ServerApp] Starting buffering for 8de617ec-e990-4bba-b98f-b4e051b0c5fd:cd4820e3-4c2a-45d3-953f-2495820569f0
[W 2025-07-31 06:58:34.997 LabApp] Could not determine jupyterlab build status without nodejs
[I 2025-07-31 06:58:41.800 ServerApp] Connecting to kernel 8de617ec-e990-4bba-b98f-b4e051b0c5fd.
[I 2025-07-31 07:04:47.077 ServerApp] Starting buffering for 8de617ec-e990-4bba-b98f-b4e051b0c5fd:25f8562e-334f-4149-b92e-3ef87914bc62
